id_code,sirna
RPE-08_1_B03,367
RPE-08_1_B04,52
RPE-08_1_B05,1043
RPE-08_1_B06,807
RPE-08_1_B07,839
RPE-08_1_B08,782
RPE-08_1_B09,769
RPE-08_1_B10,147
RPE-08_1_B11,66
RPE-08_1_B12,1081
RPE-08_1_B13,447
RPE-08_1_B14,820
RPE-08_1_B15,176
RPE-08_1_B16,145
RPE-08_1_B17,342
RPE-08_1_B18,807
RPE-08_1_B19,412
RPE-08_1_B20,832
RPE-08_1_B21,939
RPE-08_1_B22,783
RPE-08_1_B23,96
RPE-08_1_C02,493
RPE-08_1_C04,566
RPE-08_1_C05,755
RPE-08_1_C06,390
RPE-08_1_C08,783
RPE-08_1_C09,1019
RPE-08_1_C10,81
RPE-08_1_C12,507
RPE-08_1_C13,837
RPE-08_1_C14,390
RPE-08_1_C16,1023
RPE-08_1_C17,654
RPE-08_1_C18,527
RPE-08_1_C20,1043
RPE-08_1_C21,472
RPE-08_1_C23,972
RPE-08_1_D02,170
RPE-08_1_D03,632
RPE-08_1_D04,21
RPE-08_1_D05,122
RPE-08_1_D06,1011
RPE-08_1_D07,783
RPE-08_1_D08,870
RPE-08_1_D09,73
RPE-08_1_D10,574
RPE-08_1_D11,755
RPE-08_1_D12,917
RPE-08_1_D13,571
RPE-08_1_D14,679
RPE-08_1_D15,374
RPE-08_1_D16,1054
RPE-08_1_D17,138
RPE-08_1_D18,694
RPE-08_1_D19,144
RPE-08_1_D20,542
RPE-08_1_D21,380
RPE-08_1_D22,566
RPE-08_1_D23,795
RPE-08_1_E02,768
RPE-08_1_E03,961
RPE-08_1_E04,291
RPE-08_1_E05,76
RPE-08_1_E06,807
RPE-08_1_E07,807
RPE-08_1_E08,90
RPE-08_1_E09,673
RPE-08_1_E10,728
RPE-08_1_E11,472
RPE-08_1_E12,319
RPE-08_1_E13,134
RPE-08_1_E14,41
RPE-08_1_E15,1016
RPE-08_1_E16,728
RPE-08_1_E17,144
RPE-08_1_E18,142
RPE-08_1_E19,1054
RPE-08_1_E20,683
RPE-08_1_E21,1068
RPE-08_1_E22,34
RPE-08_1_E23,403
RPE-08_1_F02,75
RPE-08_1_F04,632
RPE-08_1_F05,147
RPE-08_1_F06,59
RPE-08_1_F08,807
RPE-08_1_F09,144
RPE-08_1_F10,437
RPE-08_1_F12,656
RPE-08_1_F13,638
RPE-08_1_F14,629
RPE-08_1_F16,359
RPE-08_1_F17,834
RPE-08_1_F18,183
RPE-08_1_F20,411
RPE-08_1_F21,260
RPE-08_1_F23,412
RPE-08_1_G02,90
RPE-08_1_G03,566
RPE-08_1_G04,520
RPE-08_1_G05,632
RPE-08_1_G06,115
RPE-08_1_G07,390
RPE-08_1_G08,566
RPE-08_1_G09,170
RPE-08_1_G10,501
RPE-08_1_G11,1091
RPE-08_1_G12,334
RPE-08_1_G13,783
RPE-08_1_G14,334
RPE-08_1_G15,477
RPE-08_1_G16,818
RPE-08_1_G17,783
RPE-08_1_G18,19
RPE-08_1_G19,40
RPE-08_1_G20,507
RPE-08_1_G21,654
RPE-08_1_G22,759
RPE-08_1_G23,812
RPE-08_1_H02,146
RPE-08_1_H04,411
RPE-08_1_H05,516
RPE-08_1_H06,412
RPE-08_1_H08,405
RPE-08_1_H09,167
RPE-08_1_H10,529
RPE-08_1_H12,1023
RPE-08_1_H13,683
RPE-08_1_H14,637
RPE-08_1_H16,76
RPE-08_1_H17,800
RPE-08_1_H18,291
RPE-08_1_H20,151
RPE-08_1_H21,334
RPE-08_1_H23,1031
RPE-08_1_I02,408
RPE-08_1_I03,507
RPE-08_1_I04,19
RPE-08_1_I05,582
RPE-08_1_I06,291
RPE-08_1_I07,150
RPE-08_1_I08,260
RPE-08_1_I09,291
RPE-08_1_I10,320
RPE-08_1_I11,673
RPE-08_1_I12,507
RPE-08_1_I13,32
RPE-08_1_I14,1023
RPE-08_1_I15,1100
RPE-08_1_I16,446
RPE-08_1_I17,614
RPE-08_1_I18,396
RPE-08_1_I19,603
RPE-08_1_I20,724
RPE-08_1_I21,144
RPE-08_1_I22,768
RPE-08_1_I23,755
RPE-08_1_J02,894
RPE-08_1_J04,807
RPE-08_1_J05,403
RPE-08_1_J06,1074
RPE-08_1_J08,123
RPE-08_1_J09,783
RPE-08_1_J10,820
RPE-08_1_J12,400
RPE-08_1_J13,719
RPE-08_1_J14,124
RPE-08_1_J16,183
RPE-08_1_J17,807
RPE-08_1_J18,920
RPE-08_1_J20,221
RPE-08_1_J21,656
RPE-08_1_J23,147
RPE-08_1_K02,863
RPE-08_1_K03,807
RPE-08_1_K04,623
RPE-08_1_K05,1043
RPE-08_1_K06,400
RPE-08_1_K07,789
RPE-08_1_K08,291
RPE-08_1_K09,353
RPE-08_1_K10,571
RPE-08_1_K11,377
RPE-08_1_K12,291
RPE-08_1_K13,417
RPE-08_1_K14,969
RPE-08_1_K15,1054
RPE-08_1_K16,767
RPE-08_1_K17,390
RPE-08_1_K18,507
RPE-08_1_K19,507
RPE-08_1_K20,894
RPE-08_1_K21,260
RPE-08_1_K22,796
RPE-08_1_K23,299
RPE-08_1_L02,247
RPE-08_1_L03,79
RPE-08_1_L04,337
RPE-08_1_L05,614
RPE-08_1_L06,783
RPE-08_1_L07,125
RPE-08_1_L08,1043
RPE-08_1_L09,994
RPE-08_1_L10,387
RPE-08_1_L11,632
RPE-08_1_L12,632
RPE-08_1_L13,807
RPE-08_1_L14,390
RPE-08_1_L15,351
RPE-08_1_L16,547
RPE-08_1_L17,1100
RPE-08_1_L18,400
RPE-08_1_L19,860
RPE-08_1_L20,382
RPE-08_1_L21,522
RPE-08_1_L22,767
RPE-08_1_L23,1090
RPE-08_1_M02,484
RPE-08_1_M04,632
RPE-08_1_M05,917
RPE-08_1_M06,337
RPE-08_1_M08,807
RPE-08_1_M09,800
RPE-08_1_M10,390
RPE-08_1_M12,344
RPE-08_1_M13,507
RPE-08_1_M14,108
RPE-08_1_M16,147
RPE-08_1_M17,216
RPE-08_1_M18,1014
RPE-08_1_M20,571
RPE-08_1_M21,291
RPE-08_1_M23,632
RPE-08_1_N02,507
RPE-08_1_N03,728
RPE-08_1_N04,151
RPE-08_1_N05,507
RPE-08_1_N06,498
RPE-08_1_N07,483
RPE-08_1_N08,1089
RPE-08_1_N09,26
RPE-08_1_N10,547
RPE-08_1_N11,215
RPE-08_1_N12,288
RPE-08_1_N13,623
RPE-08_1_N14,1075
RPE-08_1_N15,827
RPE-08_1_N16,840
RPE-08_1_N17,46
RPE-08_1_N18,632
RPE-08_1_N19,279
RPE-08_1_N20,0
RPE-08_1_N21,408
RPE-08_1_N22,248
RPE-08_1_N23,768
RPE-08_1_O02,40
RPE-08_1_O03,583
RPE-08_1_O04,41
RPE-08_1_O05,353
RPE-08_1_O06,1013
RPE-08_1_O07,768
RPE-08_1_O08,260
RPE-08_1_O09,529
RPE-08_1_O10,232
RPE-08_1_O11,870
RPE-08_1_O12,179
RPE-08_1_O13,427
RPE-08_1_O14,889
RPE-08_1_O15,1001
RPE-08_1_O16,822
RPE-08_1_O17,554
RPE-08_1_O18,287
RPE-08_1_O19,869
RPE-08_1_O20,735
RPE-08_1_O21,170
RPE-08_1_O22,950
RPE-08_1_O23,517
RPE-08_2_B03,493
RPE-08_2_B04,622
RPE-08_2_B05,687
RPE-08_2_B06,610
RPE-08_2_B07,9
RPE-08_2_B08,783
RPE-08_2_B09,150
RPE-08_2_B10,45
RPE-08_2_B11,588
RPE-08_2_B12,1023
RPE-08_2_B13,1089
RPE-08_2_B14,834
RPE-08_2_B15,80
RPE-08_2_B16,352
RPE-08_2_B17,250
RPE-08_2_B18,780
RPE-08_2_B19,291
RPE-08_2_B20,8
RPE-08_2_B21,982
RPE-08_2_B22,566
RPE-08_2_B23,367
RPE-08_2_C02,572
RPE-08_2_C04,388
RPE-08_2_C05,45
RPE-08_2_C06,496
RPE-08_2_C08,320
RPE-08_2_C09,26
RPE-08_2_C10,679
RPE-08_2_C12,566
RPE-08_2_C13,840
RPE-08_2_C14,432
RPE-08_2_C16,806
RPE-08_2_C17,80
RPE-08_2_C18,316
RPE-08_2_C20,90
RPE-08_2_C21,566
RPE-08_2_C23,719
RPE-08_2_D02,1100
RPE-08_2_D03,320
RPE-08_2_D04,938
RPE-08_2_D05,144
RPE-08_2_D06,699
RPE-08_2_D07,413
RPE-08_2_D08,433
RPE-08_2_D09,860
RPE-08_2_D10,145
RPE-08_2_D11,632
RPE-08_2_D12,45
RPE-08_2_D13,120
RPE-08_2_D14,632
RPE-08_2_D15,80
RPE-08_2_D16,892
RPE-08_2_D17,582
RPE-08_2_D18,783
RPE-08_2_D19,634
RPE-08_2_D20,547
RPE-08_2_D21,354
RPE-08_2_D22,170
RPE-08_2_D23,1
RPE-08_2_E02,938
RPE-08_2_E03,144
RPE-08_2_E04,1100
RPE-08_2_E05,797
RPE-08_2_E06,727
RPE-08_2_E07,52
RPE-08_2_E08,632
RPE-08_2_E09,477
RPE-08_2_E10,566
RPE-08_2_E11,80
RPE-08_2_E12,632
RPE-08_2_E13,390
RPE-08_2_E14,1089
RPE-08_2_E15,1043
RPE-08_2_E16,320
RPE-08_2_E17,400
RPE-08_2_E18,566
RPE-08_2_E19,32
RPE-08_2_E20,743
RPE-08_2_E21,743
RPE-08_2_E22,582
RPE-08_2_E23,686
RPE-08_2_F02,144
RPE-08_2_F04,632
RPE-08_2_F05,212
RPE-08_2_F06,593
RPE-08_2_F08,442
RPE-08_2_F09,1100
RPE-08_2_F10,142
RPE-08_2_F12,144
RPE-08_2_F13,1043
RPE-08_2_F14,588
RPE-08_2_F16,151
RPE-08_2_F17,1038
RPE-08_2_F18,1089
RPE-08_2_F20,723
RPE-08_2_F21,783
RPE-08_2_F23,576
RPE-08_2_G02,684
RPE-08_2_G03,998
RPE-08_2_G04,632
RPE-08_2_G05,812
RPE-08_2_G06,817
RPE-08_2_G07,144
RPE-08_2_G08,559
RPE-08_2_G09,1021
RPE-08_2_G10,144
RPE-08_2_G11,80
RPE-08_2_G12,320
RPE-08_2_G13,690
RPE-08_2_G14,80
RPE-08_2_G15,566
RPE-08_2_G16,761
RPE-08_2_G17,144
RPE-08_2_G18,566
RPE-08_2_G19,755
RPE-08_2_G20,620
RPE-08_2_G21,982
RPE-08_2_G22,1089
RPE-08_2_G23,374
RPE-08_2_H02,167
RPE-08_2_H04,306
RPE-08_2_H05,400
RPE-08_2_H06,287
RPE-08_2_H08,1031
RPE-08_2_H09,673
RPE-08_2_H10,144
RPE-08_2_H12,400
RPE-08_2_H13,1101
RPE-08_2_H14,768
RPE-08_2_H16,960
RPE-08_2_H17,637
RPE-08_2_H18,582
RPE-08_2_H20,334
RPE-08_2_H21,345
RPE-08_2_H23,110
RPE-08_2_I02,80
RPE-08_2_I03,1023
RPE-08_2_I04,144
RPE-08_2_I05,405
RPE-08_2_I06,144
RPE-08_2_I07,172
RPE-08_2_I08,489
RPE-08_2_I09,876
RPE-08_2_I10,755
RPE-08_2_I11,413
RPE-08_2_I12,674
RPE-08_2_I13,142
RPE-08_2_I14,566
RPE-08_2_I15,566
RPE-08_2_I16,614
RPE-08_2_I17,147
RPE-08_2_I18,390
RPE-08_2_I19,274
RPE-08_2_I20,613
RPE-08_2_I21,743
RPE-08_2_I22,144
RPE-08_2_I23,52
RPE-08_2_J02,265
RPE-08_2_J04,632
RPE-08_2_J05,687
RPE-08_2_J06,345
RPE-08_2_J08,496
RPE-08_2_J09,1100
RPE-08_2_J10,920
RPE-08_2_J12,888
RPE-08_2_J13,442
RPE-08_2_J14,807
RPE-08_2_J16,868
RPE-08_2_J17,566
RPE-08_2_J18,559
RPE-08_2_J20,632
RPE-08_2_J21,566
RPE-08_2_J23,86
RPE-08_2_K02,256
RPE-08_2_K03,80
RPE-08_2_K04,1100
RPE-08_2_K05,70
RPE-08_2_K06,80
RPE-08_2_K07,632
RPE-08_2_K08,559
RPE-08_2_K09,513
RPE-08_2_K10,340
RPE-08_2_K11,576
RPE-08_2_K12,703
RPE-08_2_K13,185
RPE-08_2_K14,449
RPE-08_2_K15,32
RPE-08_2_K16,627
RPE-08_2_K17,82
RPE-08_2_K18,337
RPE-08_2_K19,390
RPE-08_2_K20,704
RPE-08_2_K21,566
RPE-08_2_K22,576
RPE-08_2_K23,951
RPE-08_2_L02,373
RPE-08_2_L03,948
RPE-08_2_L04,1006
RPE-08_2_L05,216
RPE-08_2_L06,588
RPE-08_2_L07,1089
RPE-08_2_L08,618
RPE-08_2_L09,238
RPE-08_2_L10,566
RPE-08_2_L11,591
RPE-08_2_L12,1014
RPE-08_2_L13,613
RPE-08_2_L14,783
RPE-08_2_L15,632
RPE-08_2_L16,1081
RPE-08_2_L17,1043
RPE-08_2_L18,80
RPE-08_2_L19,909
RPE-08_2_L20,673
RPE-08_2_L21,80
RPE-08_2_L22,791
RPE-08_2_L23,320
RPE-08_2_M02,174
RPE-08_2_M04,80
RPE-08_2_M05,566
RPE-08_2_M06,676
RPE-08_2_M08,1015
RPE-08_2_M09,147
RPE-08_2_M10,507
RPE-08_2_M12,632
RPE-08_2_M13,921
RPE-08_2_M14,265
RPE-08_2_M16,439
RPE-08_2_M17,582
RPE-08_2_M18,576
RPE-08_2_M20,144
RPE-08_2_M21,10
RPE-08_2_M23,582
RPE-08_2_N02,477
RPE-08_2_N03,665
RPE-08_2_N04,324
RPE-08_2_N05,144
RPE-08_2_N06,791
RPE-08_2_N07,411
RPE-08_2_N08,632
RPE-08_2_N09,320
RPE-08_2_N10,1082
RPE-08_2_N11,566
RPE-08_2_N12,618
RPE-08_2_N13,315
RPE-08_2_N14,170
RPE-08_2_N15,1060
RPE-08_2_N16,291
RPE-08_2_N17,144
RPE-08_2_N18,1023
RPE-08_2_N19,1031
RPE-08_2_N20,566
RPE-08_2_N21,32
RPE-08_2_N22,139
RPE-08_2_N23,1102
RPE-08_2_O02,201
RPE-08_2_O03,411
RPE-08_2_O04,529
RPE-08_2_O05,477
RPE-08_2_O06,708
RPE-08_2_O07,80
RPE-08_2_O08,969
RPE-08_2_O09,841
RPE-08_2_O10,939
RPE-08_2_O11,320
RPE-08_2_O12,507
RPE-08_2_O13,1
RPE-08_2_O14,80
RPE-08_2_O15,814
RPE-08_2_O16,109
RPE-08_2_O17,835
RPE-08_2_O18,357
RPE-08_2_O19,566
RPE-08_2_O20,258
RPE-08_2_O21,391
RPE-08_2_O22,147
RPE-08_2_O23,411
RPE-08_3_B03,1102
RPE-08_3_B04,471
RPE-08_3_B05,660
RPE-08_3_B06,632
RPE-08_3_B07,567
RPE-08_3_B08,799
RPE-08_3_B09,308
RPE-08_3_B10,1023
RPE-08_3_B11,566
RPE-08_3_B12,413
RPE-08_3_B13,981
RPE-08_3_B14,632
RPE-08_3_B15,80
RPE-08_3_B16,510
RPE-08_3_B17,89
RPE-08_3_B18,983
RPE-08_3_B19,890
RPE-08_3_B20,80
RPE-08_3_B21,489
RPE-08_3_B22,743
RPE-08_3_B23,1023
RPE-08_3_C02,510
RPE-08_3_C04,80
RPE-08_3_C05,987
RPE-08_3_C06,514
RPE-08_3_C08,411
RPE-08_3_C09,1043
RPE-08_3_C10,397
RPE-08_3_C12,770
RPE-08_3_C13,33
RPE-08_3_C14,94
RPE-08_3_C16,1031
RPE-08_3_C17,80
RPE-08_3_C18,269
RPE-08_3_C20,70
RPE-08_3_C21,938
RPE-08_3_C23,938
RPE-08_3_D02,632
RPE-08_3_D03,80
RPE-08_3_D04,222
RPE-08_3_D05,547
RPE-08_3_D06,834
RPE-08_3_D07,84
RPE-08_3_D08,238
RPE-08_3_D09,620
RPE-08_3_D10,489
RPE-08_3_D11,320
RPE-08_3_D12,460
RPE-08_3_D13,389
RPE-08_3_D14,1023
RPE-08_3_D15,1091
RPE-08_3_D16,559
RPE-08_3_D17,80
RPE-08_3_D18,962
RPE-08_3_D19,670
RPE-08_3_D20,673
RPE-08_3_D21,366
RPE-08_3_D22,291
RPE-08_3_D23,868
RPE-08_3_E02,144
RPE-08_3_E03,320
RPE-08_3_E04,45
RPE-08_3_E05,566
RPE-08_3_E06,1100
RPE-08_3_E07,614
RPE-08_3_E08,806
RPE-08_3_E09,62
RPE-08_3_E10,400
RPE-08_3_E11,80
RPE-08_3_E12,670
RPE-08_3_E13,571
RPE-08_3_E14,806
RPE-08_3_E15,442
RPE-08_3_E16,632
RPE-08_3_E17,765
RPE-08_3_E18,172
RPE-08_3_E19,291
RPE-08_3_E20,905
RPE-08_3_E21,388
RPE-08_3_E22,863
RPE-08_3_E23,863
RPE-08_3_F02,217
RPE-08_3_F04,1062
RPE-08_3_F05,676
RPE-08_3_F06,80
RPE-08_3_F08,400
RPE-08_3_F09,320
RPE-08_3_F10,839
RPE-08_3_F12,111
RPE-08_3_F13,790
RPE-08_3_F14,566
RPE-08_3_F16,19
RPE-08_3_F17,576
RPE-08_3_F18,681
RPE-08_3_F20,212
RPE-08_3_F21,81
RPE-08_3_F23,172
RPE-08_3_G02,632
RPE-08_3_G03,566
RPE-08_3_G04,708
RPE-08_3_G05,547
RPE-08_3_G06,124
RPE-08_3_G07,566
RPE-08_3_G08,750
RPE-08_3_G09,1100
RPE-08_3_G10,566
RPE-08_3_G11,1023
RPE-08_3_G12,673
RPE-08_3_G13,320
RPE-08_3_G14,703
RPE-08_3_G15,840
RPE-08_3_G16,90
RPE-08_3_G17,324
RPE-08_3_G18,681
RPE-08_3_G19,1013
RPE-08_3_G20,144
RPE-08_3_G21,681
RPE-08_3_G22,804
RPE-08_3_G23,320
RPE-08_3_H02,274
RPE-08_3_H04,613
RPE-08_3_H05,181
RPE-08_3_H06,547
RPE-08_3_H08,673
RPE-08_3_H09,253
RPE-08_3_H10,566
RPE-08_3_H12,320
RPE-08_3_H13,411
RPE-08_3_H14,94
RPE-08_3_H16,291
RPE-08_3_H17,588
RPE-08_3_H18,390
RPE-08_3_H20,10
RPE-08_3_H21,566
RPE-08_3_H23,1
RPE-08_3_I02,547
RPE-08_3_I03,604
RPE-08_3_I04,757
RPE-08_3_I05,1100
RPE-08_3_I06,109
RPE-08_3_I07,147
RPE-08_3_I08,917
RPE-08_3_I09,547
RPE-08_3_I10,673
RPE-08_3_I11,705
RPE-08_3_I12,460
RPE-08_3_I13,115
RPE-08_3_I14,5
RPE-08_3_I15,400
RPE-08_3_I16,632
RPE-08_3_I17,80
RPE-08_3_I18,582
RPE-08_3_I19,1082
RPE-08_3_I20,238
RPE-08_3_I21,144
RPE-08_3_I22,172
RPE-08_3_I23,337
RPE-08_3_J02,238
RPE-08_3_J04,80
RPE-08_3_J05,757
RPE-08_3_J06,839
RPE-08_3_J08,102
RPE-08_3_J09,982
RPE-08_3_J10,632
RPE-08_3_J12,632
RPE-08_3_J13,94
RPE-08_3_J14,1028
RPE-08_3_J16,373
RPE-08_3_J17,590
RPE-08_3_J18,1
RPE-08_3_J20,6
RPE-08_3_J21,222
RPE-08_3_J23,566
RPE-08_3_K02,673
RPE-08_3_K03,80
RPE-08_3_K04,320
RPE-08_3_K05,320
RPE-08_3_K06,80
RPE-08_3_K07,1043
RPE-08_3_K08,692
RPE-08_3_K09,147
RPE-08_3_K10,80
RPE-08_3_K11,939
RPE-08_3_K12,320
RPE-08_3_K13,45
RPE-08_3_K14,403
RPE-08_3_K15,102
RPE-08_3_K16,309
RPE-08_3_K17,1067
RPE-08_3_K18,566
RPE-08_3_K19,320
RPE-08_3_K20,828
RPE-08_3_K21,147
RPE-08_3_K22,960
RPE-08_3_K23,761
RPE-08_3_L02,537
RPE-08_3_L03,428
RPE-08_3_L04,397
RPE-08_3_L05,938
RPE-08_3_L06,80
RPE-08_3_L07,136
RPE-08_3_L08,277
RPE-08_3_L09,1062
RPE-08_3_L10,507
RPE-08_3_L11,743
RPE-08_3_L12,789
RPE-08_3_L13,681
RPE-08_3_L14,320
RPE-08_3_L15,566
RPE-08_3_L16,1089
RPE-08_3_L17,508
RPE-08_3_L18,144
RPE-08_3_L19,320
RPE-08_3_L20,145
RPE-08_3_L21,112
RPE-08_3_L22,239
RPE-08_3_L23,89
RPE-08_3_M02,618
RPE-08_3_M04,547
RPE-08_3_M05,352
RPE-08_3_M06,324
RPE-08_3_M08,150
RPE-08_3_M09,1023
RPE-08_3_M10,40
RPE-08_3_M12,1023
RPE-08_3_M13,720
RPE-08_3_M14,673
RPE-08_3_M16,1006
RPE-08_3_M17,334
RPE-08_3_M18,620
RPE-08_3_M20,547
RPE-08_3_M21,94
RPE-08_3_M23,679
RPE-08_3_N02,566
RPE-08_3_N03,681
RPE-08_3_N04,689
RPE-08_3_N05,162
RPE-08_3_N06,493
RPE-08_3_N07,1086
RPE-08_3_N08,281
RPE-08_3_N09,291
RPE-08_3_N10,59
RPE-08_3_N11,708
RPE-08_3_N12,1100
RPE-08_3_N13,632
RPE-08_3_N14,541
RPE-08_3_N15,823
RPE-08_3_N16,633
RPE-08_3_N17,743
RPE-08_3_N18,1027
RPE-08_3_N19,10
RPE-08_3_N20,1043
RPE-08_3_N21,287
RPE-08_3_N22,971
RPE-08_3_N23,1011
RPE-08_3_O02,651
RPE-08_3_O03,320
RPE-08_3_O04,523
RPE-08_3_O05,471
RPE-08_3_O06,350
RPE-08_3_O07,1043
RPE-08_3_O08,757
RPE-08_3_O09,1086
RPE-08_3_O10,274
RPE-08_3_O11,1043
RPE-08_3_O12,507
RPE-08_3_O13,238
RPE-08_3_O14,566
RPE-08_3_O15,839
RPE-08_3_O16,705
RPE-08_3_O17,134
RPE-08_3_O18,38
RPE-08_3_O19,442
RPE-08_3_O20,80
RPE-08_3_O21,400
RPE-08_3_O22,217
RPE-08_3_O23,32
RPE-08_4_B03,147
RPE-08_4_B04,632
RPE-08_4_B05,414
RPE-08_4_B06,331
RPE-08_4_B07,721
RPE-08_4_B08,305
RPE-08_4_B09,447
RPE-08_4_B10,367
RPE-08_4_B11,844
RPE-08_4_B12,506
RPE-08_4_B13,146
RPE-08_4_B14,1092
RPE-08_4_B15,1064
RPE-08_4_B16,8
RPE-08_4_B17,1083
RPE-08_4_B18,920
RPE-08_4_B19,640
RPE-08_4_B20,632
RPE-08_4_B21,168
RPE-08_4_B22,19
RPE-08_4_B23,618
RPE-08_4_C02,807
RPE-08_4_C04,215
RPE-08_4_C05,331
RPE-08_4_C06,909
RPE-08_4_C08,806
RPE-08_4_C09,566
RPE-08_4_C10,651
RPE-08_4_C12,632
RPE-08_4_C13,134
RPE-08_4_C14,354
RPE-08_4_C16,493
RPE-08_4_C17,80
RPE-08_4_C18,673
RPE-08_4_C20,844
RPE-08_4_C21,1089
RPE-08_4_C23,548
RPE-08_4_D02,1086
RPE-08_4_D03,1054
RPE-08_4_D04,641
RPE-08_4_D05,40
RPE-08_4_D06,167
RPE-08_4_D07,507
RPE-08_4_D08,632
RPE-08_4_D09,761
RPE-08_4_D10,566
RPE-08_4_D11,829
RPE-08_4_D12,427
RPE-08_4_D13,25
RPE-08_4_D14,556
RPE-08_4_D15,830
RPE-08_4_D16,52
RPE-08_4_D17,520
RPE-08_4_D18,111
RPE-08_4_D19,430
RPE-08_4_D20,115
RPE-08_4_D21,545
RPE-08_4_D22,473
RPE-08_4_D23,566
RPE-08_4_E02,13
RPE-08_4_E03,216
RPE-08_4_E04,614
RPE-08_4_E05,70
RPE-08_4_E06,754
RPE-08_4_E07,456
RPE-08_4_E08,64
RPE-08_4_E09,917
RPE-08_4_E10,632
RPE-08_4_E11,893
RPE-08_4_E12,132
RPE-08_4_E13,331
RPE-08_4_E14,75
RPE-08_4_E15,423
RPE-08_4_E16,328
RPE-08_4_E17,1033
RPE-08_4_E18,920
RPE-08_4_E19,799
RPE-08_4_E20,962
RPE-08_4_E21,1001
RPE-08_4_E22,1003
RPE-08_4_E23,921
RPE-08_4_F02,571
RPE-08_4_F04,517
RPE-08_4_F05,768
RPE-08_4_F06,82
RPE-08_4_F08,637
RPE-08_4_F09,614
RPE-08_4_F10,150
RPE-08_4_F12,939
RPE-08_4_F13,350
RPE-08_4_F14,322
RPE-08_4_F16,813
RPE-08_4_F17,291
RPE-08_4_F18,517
RPE-08_4_F20,847
RPE-08_4_F21,178
RPE-08_4_F23,966
RPE-08_4_G02,263
RPE-08_4_G03,407
RPE-08_4_G04,417
RPE-08_4_G05,566
RPE-08_4_G06,789
RPE-08_4_G07,174
RPE-08_4_G08,144
RPE-08_4_G09,1054
RPE-08_4_G10,762
RPE-08_4_G11,52
RPE-08_4_G12,514
RPE-08_4_G13,723
RPE-08_4_G14,571
RPE-08_4_G15,405
RPE-08_4_G16,81
RPE-08_4_G17,320
RPE-08_4_G18,86
RPE-08_4_G19,839
RPE-08_4_G20,654
RPE-08_4_G21,941
RPE-08_4_G22,832
RPE-08_4_G23,673
RPE-08_4_H02,837
RPE-08_4_H04,1031
RPE-08_4_H05,86
RPE-08_4_H06,181
RPE-08_4_H08,232
RPE-08_4_H09,783
RPE-08_4_H10,678
RPE-08_4_H12,582
RPE-08_4_H13,20
RPE-08_4_H14,281
RPE-08_4_H16,358
RPE-08_4_H17,566
RPE-08_4_H18,1078
RPE-08_4_H20,507
RPE-08_4_H21,1029
RPE-08_4_H23,783
RPE-08_4_I02,269
RPE-08_4_I03,814
RPE-08_4_I04,444
RPE-08_4_I05,442
RPE-08_4_I06,41
RPE-08_4_I07,839
RPE-08_4_I08,27
RPE-08_4_I09,1044
RPE-08_4_I10,115
RPE-08_4_I11,185
RPE-08_4_I12,80
RPE-08_4_I13,826
RPE-08_4_I14,703
RPE-08_4_I15,470
RPE-08_4_I16,134
RPE-08_4_I17,683
RPE-08_4_I18,105
RPE-08_4_I19,147
RPE-08_4_I20,783
RPE-08_4_I21,13
RPE-08_4_I22,817
RPE-08_4_I23,735
RPE-08_4_J02,986
RPE-08_4_J04,792
RPE-08_4_J05,526
RPE-08_4_J06,448
RPE-08_4_J08,520
RPE-08_4_J09,194
RPE-08_4_J10,753
RPE-08_4_J12,650
RPE-08_4_J13,351
RPE-08_4_J14,417
RPE-08_4_J16,1024
RPE-08_4_J17,1043
RPE-08_4_J18,511
RPE-08_4_J20,291
RPE-08_4_J21,1019
RPE-08_4_J23,507
RPE-08_4_K02,367
RPE-08_4_K03,571
RPE-08_4_K04,788
RPE-08_4_K05,687
RPE-08_4_K06,219
RPE-08_4_K07,461
RPE-08_4_K08,932
RPE-08_4_K09,889
RPE-08_4_K10,29
RPE-08_4_K11,1023
RPE-08_4_K12,421
RPE-08_4_K13,582
RPE-08_4_K14,507
RPE-08_4_K15,390
RPE-08_4_K16,551
RPE-08_4_K17,320
RPE-08_4_K18,427
RPE-08_4_K19,507
RPE-08_4_K20,732
RPE-08_4_K21,150
RPE-08_4_K22,457
RPE-08_4_K23,720
RPE-08_4_L02,569
RPE-08_4_L03,694
RPE-08_4_L04,219
RPE-08_4_L05,623
RPE-08_4_L06,632
RPE-08_4_L07,603
RPE-08_4_L08,1011
RPE-08_4_L09,411
RPE-08_4_L10,1091
RPE-08_4_L11,1054
RPE-08_4_L12,111
RPE-08_4_L13,732
RPE-08_4_L14,1023
RPE-08_4_L15,59
RPE-08_4_L16,466
RPE-08_4_L17,289
RPE-08_4_L18,673
RPE-08_4_L19,744
RPE-08_4_L20,888
RPE-08_4_L21,618
RPE-08_4_L22,762
RPE-08_4_L23,446
RPE-08_4_M02,699
RPE-08_4_M04,728
RPE-08_4_M05,593
RPE-08_4_M06,95
RPE-08_4_M08,517
RPE-08_4_M09,384
RPE-08_4_M10,547
RPE-08_4_M12,810
RPE-08_4_M13,353
RPE-08_4_M14,427
RPE-08_4_M16,952
RPE-08_4_M17,724
RPE-08_4_M18,265
RPE-08_4_M20,1031
RPE-08_4_M21,982
RPE-08_4_M23,232
RPE-08_4_N02,111
RPE-08_4_N03,836
RPE-08_4_N04,90
RPE-08_4_N05,40
RPE-08_4_N06,214
RPE-08_4_N07,76
RPE-08_4_N08,1023
RPE-08_4_N09,178
RPE-08_4_N10,628
RPE-08_4_N11,22
RPE-08_4_N12,93
RPE-08_4_N13,483
RPE-08_4_N14,546
RPE-08_4_N15,820
RPE-08_4_N16,820
RPE-08_4_N17,579
RPE-08_4_N18,327
RPE-08_4_N19,150
RPE-08_4_N20,703
RPE-08_4_N21,324
RPE-08_4_N22,787
RPE-08_4_N23,675
RPE-08_4_O02,810
RPE-08_4_O03,910
RPE-08_4_O04,812
RPE-08_4_O05,839
RPE-08_4_O06,72
RPE-08_4_O07,427
RPE-08_4_O08,509
RPE-08_4_O09,1048
RPE-08_4_O10,950
RPE-08_4_O11,766
RPE-08_4_O12,766
RPE-08_4_O13,349
RPE-08_4_O14,352
RPE-08_4_O15,839
RPE-08_4_O16,1092
RPE-08_4_O17,306
RPE-08_4_O18,701
RPE-08_4_O19,36
RPE-08_4_O20,73
RPE-08_4_O21,52
RPE-08_4_O22,19
RPE-08_4_O23,739
RPE-09_1_B03,875
RPE-09_1_B04,762
RPE-09_1_B05,118
RPE-09_1_B06,530
RPE-09_1_B07,557
RPE-09_1_B08,334
RPE-09_1_B09,222
RPE-09_1_B10,358
RPE-09_1_B11,819
RPE-09_1_B12,433
RPE-09_1_B13,266
RPE-09_1_B14,284
RPE-09_1_B15,112
RPE-09_1_B16,482
RPE-09_1_B17,614
RPE-09_1_B18,300
RPE-09_1_B19,957
RPE-09_1_B20,319
RPE-09_1_B21,350
RPE-09_1_B22,373
RPE-09_1_B23,810
RPE-09_1_C02,727
RPE-09_1_C04,511
RPE-09_1_C05,127
RPE-09_1_C06,181
RPE-09_1_C08,482
RPE-09_1_C09,639
RPE-09_1_C10,408
RPE-09_1_C12,611
RPE-09_1_C13,342
RPE-09_1_C14,810
RPE-09_1_C16,446
RPE-09_1_C17,433
RPE-09_1_C18,1060
RPE-09_1_C20,340
RPE-09_1_C21,1101
RPE-09_1_C23,924
RPE-09_1_D02,288
RPE-09_1_D03,386
RPE-09_1_D04,332
RPE-09_1_D05,859
RPE-09_1_D06,640
RPE-09_1_D07,505
RPE-09_1_D08,593
RPE-09_1_D09,165
RPE-09_1_D10,739
RPE-09_1_D11,145
RPE-09_1_D12,616
RPE-09_1_D13,560
RPE-09_1_D14,605
RPE-09_1_D15,322
RPE-09_1_D16,1011
RPE-09_1_D17,1020
RPE-09_1_D18,801
RPE-09_1_D19,475
RPE-09_1_D20,136
RPE-09_1_D21,939
RPE-09_1_D22,603
RPE-09_1_D23,4
RPE-09_1_E02,708
RPE-09_1_E03,701
RPE-09_1_E04,511
RPE-09_1_E05,754
RPE-09_1_E06,924
RPE-09_1_E07,625
RPE-09_1_E08,951
RPE-09_1_E09,624
RPE-09_1_E10,593
RPE-09_1_E11,766
RPE-09_1_E12,955
RPE-09_1_E13,773
RPE-09_1_E14,467
RPE-09_1_E15,870
RPE-09_1_E16,26
RPE-09_1_E17,781
RPE-09_1_E18,293
RPE-09_1_E19,889
RPE-09_1_E20,433
RPE-09_1_E21,339
RPE-09_1_E22,443
RPE-09_1_E23,623
RPE-09_1_F02,477
RPE-09_1_F04,900
RPE-09_1_F05,570
RPE-09_1_F06,94
RPE-09_1_F08,601
RPE-09_1_F09,950
RPE-09_1_F10,589
RPE-09_1_F12,804
RPE-09_1_F13,924
RPE-09_1_F14,766
RPE-09_1_F16,717
RPE-09_1_F17,103
RPE-09_1_F18,1068
RPE-09_1_F20,802
RPE-09_1_F21,750
RPE-09_1_F23,574
RPE-09_1_G02,46
RPE-09_1_G03,978
RPE-09_1_G04,327
RPE-09_1_G05,978
RPE-09_1_G06,843
RPE-09_1_G07,757
RPE-09_1_G08,192
RPE-09_1_G09,196
RPE-09_1_G10,471
RPE-09_1_G11,500
RPE-09_1_G12,689
RPE-09_1_G13,766
RPE-09_1_G14,411
RPE-09_1_G15,55
RPE-09_1_G16,231
RPE-09_1_G17,147
RPE-09_1_G18,545
RPE-09_1_G19,867
RPE-09_1_G20,133
RPE-09_1_G21,560
RPE-09_1_G22,209
RPE-09_1_G23,564
RPE-09_1_H02,512
RPE-09_1_H04,616
RPE-09_1_H05,730
RPE-09_1_H06,399
RPE-09_1_H08,94
RPE-09_1_H09,144
RPE-09_1_H10,900
RPE-09_1_H12,617
RPE-09_1_H13,828
RPE-09_1_H14,105
RPE-09_1_H16,878
RPE-09_1_H17,616
RPE-09_1_H18,1068
RPE-09_1_H20,977
RPE-09_1_H21,684
RPE-09_1_H23,545
RPE-09_1_I02,571
RPE-09_1_I03,754
RPE-09_1_I04,569
RPE-09_1_I05,282
RPE-09_1_I06,744
RPE-09_1_I07,86
RPE-09_1_I08,1102
RPE-09_1_I09,384
RPE-09_1_I10,620
RPE-09_1_I11,124
RPE-09_1_I12,414
RPE-09_1_I13,28
RPE-09_1_I14,942
RPE-09_1_I15,917
RPE-09_1_I16,1073
RPE-09_1_I17,392
RPE-09_1_I18,670
RPE-09_1_I19,746
RPE-09_1_I20,1015
RPE-09_1_I21,1067
RPE-09_1_I22,281
RPE-09_1_I23,934
RPE-09_1_J02,450
RPE-09_1_J04,1084
RPE-09_1_J05,539
RPE-09_1_J06,369
RPE-09_1_J08,926
RPE-09_1_J09,604
RPE-09_1_J10,361
RPE-09_1_J12,1015
RPE-09_1_J13,987
RPE-09_1_J14,138
RPE-09_1_J16,616
RPE-09_1_J17,910
RPE-09_1_J18,1006
RPE-09_1_J20,479
RPE-09_1_J21,900
RPE-09_1_J23,412
RPE-09_1_K02,138
RPE-09_1_K03,616
RPE-09_1_K04,674
RPE-09_1_K05,603
RPE-09_1_K06,61
RPE-09_1_K07,1062
RPE-09_1_K08,100
RPE-09_1_K09,937
RPE-09_1_K10,521
RPE-09_1_K11,655
RPE-09_1_K12,937
RPE-09_1_K13,401
RPE-09_1_K14,655
RPE-09_1_K15,616
RPE-09_1_K16,211
RPE-09_1_K17,433
RPE-09_1_K18,197
RPE-09_1_K19,173
RPE-09_1_K20,941
RPE-09_1_K21,211
RPE-09_1_K22,322
RPE-09_1_K23,688
RPE-09_1_L02,674
RPE-09_1_L03,674
RPE-09_1_L04,387
RPE-09_1_L05,282
RPE-09_1_L06,738
RPE-09_1_L07,147
RPE-09_1_L08,574
RPE-09_1_L09,481
RPE-09_1_L10,535
RPE-09_1_L11,905
RPE-09_1_L12,319
RPE-09_1_L13,597
RPE-09_1_L14,917
RPE-09_1_L15,118
RPE-09_1_L16,756
RPE-09_1_L17,381
RPE-09_1_L18,554
RPE-09_1_L19,320
RPE-09_1_L20,170
RPE-09_1_L21,127
RPE-09_1_L22,912
RPE-09_1_L23,917
RPE-09_1_M02,865
RPE-09_1_M04,765
RPE-09_1_M05,1013
RPE-09_1_M06,525
RPE-09_1_M08,1040
RPE-09_1_M09,570
RPE-09_1_M10,987
RPE-09_1_M12,866
RPE-09_1_M13,694
RPE-09_1_M14,124
RPE-09_1_M16,567
RPE-09_1_M17,288
RPE-09_1_M18,107
RPE-09_1_M20,369
RPE-09_1_M21,281
RPE-09_1_M23,127
RPE-09_1_N02,202
RPE-09_1_N03,629
RPE-09_1_N04,674
RPE-09_1_N05,47
RPE-09_1_N06,124
RPE-09_1_N07,672
RPE-09_1_N08,118
RPE-09_1_N09,302
RPE-09_1_N10,530
RPE-09_1_N11,852
RPE-09_1_N12,404
RPE-09_1_N13,648
RPE-09_1_N14,1002
RPE-09_1_N15,467
RPE-09_1_N16,417
RPE-09_1_N17,724
RPE-09_1_N18,78
RPE-09_1_N19,432
RPE-09_1_N20,618
RPE-09_1_N21,217
RPE-09_1_N22,681
RPE-09_1_N23,327
RPE-09_1_O02,972
RPE-09_1_O03,367
RPE-09_1_O04,1062
RPE-09_1_O05,190
RPE-09_1_O06,1040
RPE-09_1_O07,727
RPE-09_1_O08,982
RPE-09_1_O09,8
RPE-09_1_O10,747
RPE-09_1_O11,319
RPE-09_1_O12,676
RPE-09_1_O13,67
RPE-09_1_O14,679
RPE-09_1_O15,1060
RPE-09_1_O16,459
RPE-09_1_O17,482
RPE-09_1_O18,232
RPE-09_1_O19,374
RPE-09_1_O20,387
RPE-09_1_O21,658
RPE-09_1_O22,705
RPE-09_1_O23,192
RPE-09_2_B03,53
RPE-09_2_B04,547
RPE-09_2_B05,380
RPE-09_2_B06,586
RPE-09_2_B07,865
RPE-09_2_B08,348
RPE-09_2_B09,397
RPE-09_2_B10,387
RPE-09_2_B11,879
RPE-09_2_B12,723
RPE-09_2_B13,79
RPE-09_2_B14,32
RPE-09_2_B15,632
RPE-09_2_B16,82
RPE-09_2_B17,585
RPE-09_2_B18,344
RPE-09_2_B19,526
RPE-09_2_B20,950
RPE-09_2_B21,980
RPE-09_2_B22,431
RPE-09_2_B23,956
RPE-09_2_C02,412
RPE-09_2_C04,1068
RPE-09_2_C05,790
RPE-09_2_C06,676
RPE-09_2_C08,564
RPE-09_2_C09,864
RPE-09_2_C10,903
RPE-09_2_C12,387
RPE-09_2_C13,229
RPE-09_2_C14,412
RPE-09_2_C16,1008
RPE-09_2_C17,907
RPE-09_2_C18,952
RPE-09_2_C20,744
RPE-09_2_C21,1093
RPE-09_2_C23,632
RPE-09_2_D02,769
RPE-09_2_D03,640
RPE-09_2_D04,263
RPE-09_2_D05,226
RPE-09_2_D06,866
RPE-09_2_D07,342
RPE-09_2_D08,353
RPE-09_2_D09,906
RPE-09_2_D10,714
RPE-09_2_D11,810
RPE-09_2_D12,411
RPE-09_2_D13,412
RPE-09_2_D14,593
RPE-09_2_D15,574
RPE-09_2_D16,639
RPE-09_2_D17,874
RPE-09_2_D18,965
RPE-09_2_D19,375
RPE-09_2_D20,412
RPE-09_2_D21,247
RPE-09_2_D22,299
RPE-09_2_D23,532
RPE-09_2_E02,957
RPE-09_2_E03,643
RPE-09_2_E04,428
RPE-09_2_E05,322
RPE-09_2_E06,517
RPE-09_2_E07,491
RPE-09_2_E08,33
RPE-09_2_E09,369
RPE-09_2_E10,225
RPE-09_2_E11,167
RPE-09_2_E12,412
RPE-09_2_E13,724
RPE-09_2_E14,46
RPE-09_2_E15,553
RPE-09_2_E16,269
RPE-09_2_E17,404
RPE-09_2_E18,580
RPE-09_2_E19,667
RPE-09_2_E20,653
RPE-09_2_E21,901
RPE-09_2_E22,1028
RPE-09_2_E23,738
RPE-09_2_F02,819
RPE-09_2_F04,571
RPE-09_2_F05,529
RPE-09_2_F06,61
RPE-09_2_F08,461
RPE-09_2_F09,105
RPE-09_2_F10,447
RPE-09_2_F12,662
RPE-09_2_F13,586
RPE-09_2_F14,30
RPE-09_2_F16,28
RPE-09_2_F17,901
RPE-09_2_F18,918
RPE-09_2_F20,632
RPE-09_2_F21,925
RPE-09_2_F23,330
RPE-09_2_G02,835
RPE-09_2_G03,454
RPE-09_2_G04,349
RPE-09_2_G05,263
RPE-09_2_G06,230
RPE-09_2_G07,236
RPE-09_2_G08,232
RPE-09_2_G09,115
RPE-09_2_G10,218
RPE-09_2_G11,95
RPE-09_2_G12,941
RPE-09_2_G13,898
RPE-09_2_G14,867
RPE-09_2_G15,52
RPE-09_2_G16,127
RPE-09_2_G17,1003
RPE-09_2_G18,649
RPE-09_2_G19,901
RPE-09_2_G20,1002
RPE-09_2_G21,138
RPE-09_2_G22,281
RPE-09_2_G23,248
RPE-09_2_H02,78
RPE-09_2_H04,340
RPE-09_2_H05,616
RPE-09_2_H06,639
RPE-09_2_H08,118
RPE-09_2_H09,779
RPE-09_2_H10,412
RPE-09_2_H12,754
RPE-09_2_H13,281
RPE-09_2_H14,536
RPE-09_2_H16,1024
RPE-09_2_H17,752
RPE-09_2_H18,364
RPE-09_2_H20,517
RPE-09_2_H21,338
RPE-09_2_H23,263
RPE-09_2_I02,1020
RPE-09_2_I03,482
RPE-09_2_I04,305
RPE-09_2_I05,536
RPE-09_2_I06,390
RPE-09_2_I07,571
RPE-09_2_I08,446
RPE-09_2_I09,615
RPE-09_2_I10,432
RPE-09_2_I11,238
RPE-09_2_I12,943
RPE-09_2_I13,674
RPE-09_2_I14,784
RPE-09_2_I15,358
RPE-09_2_I16,593
RPE-09_2_I17,1003
RPE-09_2_I18,639
RPE-09_2_I19,746
RPE-09_2_I20,790
RPE-09_2_I21,25
RPE-09_2_I22,395
RPE-09_2_I23,319
RPE-09_2_J02,24
RPE-09_2_J04,373
RPE-09_2_J05,337
RPE-09_2_J06,714
RPE-09_2_J08,178
RPE-09_2_J09,482
RPE-09_2_J10,475
RPE-09_2_J12,213
RPE-09_2_J13,589
RPE-09_2_J14,639
RPE-09_2_J17,78
RPE-09_2_J18,593
RPE-09_2_J20,902
RPE-09_2_J21,966
RPE-09_2_J23,111
RPE-09_2_K02,680
RPE-09_2_K03,2
RPE-09_2_K04,432
RPE-09_2_K05,483
RPE-09_2_K06,992
RPE-09_2_K07,1079
RPE-09_2_K08,1066
RPE-09_2_K09,381
RPE-09_2_K10,893
RPE-09_2_K11,429
RPE-09_2_K12,384
RPE-09_2_K13,475
RPE-09_2_K14,306
RPE-09_2_K15,302
RPE-09_2_K16,342
RPE-09_2_K17,164
RPE-09_2_K18,131
RPE-09_2_K19,424
RPE-09_2_K20,78
RPE-09_2_K21,322
RPE-09_2_K22,386
RPE-09_2_K23,381
RPE-09_2_L02,640
RPE-09_2_L03,413
RPE-09_2_L04,808
RPE-09_2_L05,260
RPE-09_2_L06,646
RPE-09_2_L07,511
RPE-09_2_L08,563
RPE-09_2_L09,91
RPE-09_2_L10,683
RPE-09_2_L11,877
RPE-09_2_L12,475
RPE-09_2_L13,292
RPE-09_2_L14,457
RPE-09_2_L15,349
RPE-09_2_L16,219
RPE-09_2_L17,709
RPE-09_2_L18,835
RPE-09_2_L19,127
RPE-09_2_L20,124
RPE-09_2_L21,617
RPE-09_2_L22,78
RPE-09_2_L23,240
RPE-09_2_M02,659
RPE-09_2_M04,632
RPE-09_2_M05,407
RPE-09_2_M06,820
RPE-09_2_M08,840
RPE-09_2_M09,995
RPE-09_2_M10,219
RPE-09_2_M12,876
RPE-09_2_M13,578
RPE-09_2_M14,453
RPE-09_2_M16,751
RPE-09_2_M17,288
RPE-09_2_M18,593
RPE-09_2_M20,168
RPE-09_2_M21,364
RPE-09_2_M23,678
RPE-09_2_N02,63
RPE-09_2_N03,687
RPE-09_2_N04,797
RPE-09_2_N05,444
RPE-09_2_N06,521
RPE-09_2_N07,219
RPE-09_2_N08,490
RPE-09_2_N09,47
RPE-09_2_N10,435
RPE-09_2_N11,553
RPE-09_2_N12,93
RPE-09_2_N13,761
RPE-09_2_N14,78
RPE-09_2_N15,707
RPE-09_2_N16,322
RPE-09_2_N17,711
RPE-09_2_N18,512
RPE-09_2_N19,694
RPE-09_2_N20,901
RPE-09_2_N21,826
RPE-09_2_N22,572
RPE-09_2_N23,138
RPE-09_2_O02,701
RPE-09_2_O03,404
RPE-09_2_O04,411
RPE-09_2_O05,527
RPE-09_2_O06,417
RPE-09_2_O07,146
RPE-09_2_O08,78
RPE-09_2_O09,651
RPE-09_2_O10,563
RPE-09_2_O11,66
RPE-09_2_O12,1092
RPE-09_2_O13,1088
RPE-09_2_O14,283
RPE-09_2_O15,270
RPE-09_2_O16,571
RPE-09_2_O17,549
RPE-09_2_O18,830
RPE-09_2_O19,660
RPE-09_2_O20,863
RPE-09_2_O21,727
RPE-09_2_O22,787
RPE-09_2_O23,593
RPE-09_3_B03,173
RPE-09_3_B04,444
RPE-09_3_B05,95
RPE-09_3_B06,986
RPE-09_3_B07,497
RPE-09_3_B08,422
RPE-09_3_B09,690
RPE-09_3_B10,520
RPE-09_3_B11,337
RPE-09_3_B12,393
RPE-09_3_B13,533
RPE-09_3_B14,365
RPE-09_3_B15,387
RPE-09_3_B16,715
RPE-09_3_B17,834
RPE-09_3_B18,1068
RPE-09_3_B19,387
RPE-09_3_B20,554
RPE-09_3_B21,282
RPE-09_3_B22,768
RPE-09_3_B23,366
RPE-09_3_C02,510
RPE-09_3_C04,1025
RPE-09_3_C05,387
RPE-09_3_C06,183
RPE-09_3_C08,396
RPE-09_3_C09,158
RPE-09_3_C10,242
RPE-09_3_C12,35
RPE-09_3_C13,387
RPE-09_3_C14,481
RPE-09_3_C16,516
RPE-09_3_C17,400
RPE-09_3_C18,556
RPE-09_3_C20,402
RPE-09_3_C21,373
RPE-09_3_C23,863
RPE-09_3_D02,834
RPE-09_3_D03,291
RPE-09_3_D04,525
RPE-09_3_D05,348
RPE-09_3_D06,894
RPE-09_3_D07,636
RPE-09_3_D08,634
RPE-09_3_D09,482
RPE-09_3_D10,866
RPE-09_3_D11,135
RPE-09_3_D12,422
RPE-09_3_D13,8
RPE-09_3_D14,482
RPE-09_3_D15,278
RPE-09_3_D16,127
RPE-09_3_D17,926
RPE-09_3_D18,403
RPE-09_3_D19,831
RPE-09_3_D20,172
RPE-09_3_D21,28
RPE-09_3_D22,26
RPE-09_3_D23,869
RPE-09_3_E02,491
RPE-09_3_E03,773
RPE-09_3_E04,422
RPE-09_3_E05,558
RPE-09_3_E06,572
RPE-09_3_E07,196
RPE-09_3_E08,400
RPE-09_3_E09,671
RPE-09_3_E10,625
RPE-09_3_E11,1008
RPE-09_3_E12,242
RPE-09_3_E13,432
RPE-09_3_E14,1018
RPE-09_3_E15,766
RPE-09_3_E16,814
RPE-09_3_E17,749
RPE-09_3_E18,984
RPE-09_3_E19,177
RPE-09_3_E20,795
RPE-09_3_E21,437
RPE-09_3_E22,960
RPE-09_3_E23,674
RPE-09_3_F02,798
RPE-09_3_F04,966
RPE-09_3_F05,177
RPE-09_3_F06,46
RPE-09_3_F08,507
RPE-09_3_F09,613
RPE-09_3_F10,202
RPE-09_3_F12,270
RPE-09_3_F13,963
RPE-09_3_F14,760
RPE-09_3_F16,387
RPE-09_3_F17,6
RPE-09_3_F18,568
RPE-09_3_F20,282
RPE-09_3_F21,1066
RPE-09_3_F23,699
RPE-09_3_G02,733
RPE-09_3_G03,289
RPE-09_3_G04,941
RPE-09_3_G05,593
RPE-09_3_G06,472
RPE-09_3_G07,1013
RPE-09_3_G08,443
RPE-09_3_G09,1002
RPE-09_3_G10,244
RPE-09_3_G11,192
RPE-09_3_G12,671
RPE-09_3_G13,744
RPE-09_3_G14,86
RPE-09_3_G15,613
RPE-09_3_G16,984
RPE-09_3_G17,282
RPE-09_3_G18,105
RPE-09_3_G19,547
RPE-09_3_G20,624
RPE-09_3_G21,748
RPE-09_3_G22,901
RPE-09_3_G23,953
RPE-09_3_H02,811
RPE-09_3_H04,975
RPE-09_3_H05,80
RPE-09_3_H06,1061
RPE-09_3_H08,895
RPE-09_3_H09,894
RPE-09_3_H10,639
RPE-09_3_H12,250
RPE-09_3_H13,999
RPE-09_3_H14,309
RPE-09_3_H16,52
RPE-09_3_H17,377
RPE-09_3_H18,572
RPE-09_3_H20,608
RPE-09_3_H21,194
RPE-09_3_H23,1062
RPE-09_3_I02,674
RPE-09_3_I03,1050
RPE-09_3_I04,595
RPE-09_3_I05,815
RPE-09_3_I06,215
RPE-09_3_I07,366
RPE-09_3_I08,639
RPE-09_3_I09,742
RPE-09_3_I10,127
RPE-09_3_I11,115
RPE-09_3_I12,459
RPE-09_3_I13,422
RPE-09_3_I14,653
RPE-09_3_I15,279
RPE-09_3_I16,32
RPE-09_3_I17,370
RPE-09_3_I18,397
RPE-09_3_I19,820
RPE-09_3_I20,469
RPE-09_3_I21,802
RPE-09_3_I22,482
RPE-09_3_I23,674
RPE-09_3_J02,105
RPE-09_3_J04,921
RPE-09_3_J05,670
RPE-09_3_J06,362
RPE-09_3_J08,105
RPE-09_3_J09,739
RPE-09_3_J10,482
RPE-09_3_J12,96
RPE-09_3_J13,614
RPE-09_3_J14,482
RPE-09_3_J16,412
RPE-09_3_J17,397
RPE-09_3_J18,450
RPE-09_3_J20,566
RPE-09_3_J21,744
RPE-09_3_J23,888
RPE-09_3_K02,984
RPE-09_3_K03,972
RPE-09_3_K04,282
RPE-09_3_K05,947
RPE-09_3_K06,886
RPE-09_3_K07,610
RPE-09_3_K08,864
RPE-09_3_K09,610
RPE-09_3_K10,397
RPE-09_3_K11,679
RPE-09_3_K12,398
RPE-09_3_K13,375
RPE-09_3_K14,1060
RPE-09_3_K15,1056
RPE-09_3_K16,309
RPE-09_3_K17,384
RPE-09_3_K18,681
RPE-09_3_K19,634
RPE-09_3_K20,755
RPE-09_3_K21,76
RPE-09_3_K22,177
RPE-09_3_K23,45
RPE-09_3_L02,87
RPE-09_3_L03,1086
RPE-09_3_L04,494
RPE-09_3_L05,397
RPE-09_3_L06,593
RPE-09_3_L07,617
RPE-09_3_L08,620
RPE-09_3_L09,109
RPE-09_3_L10,482
RPE-09_3_L11,282
RPE-09_3_L12,191
RPE-09_3_L13,655
RPE-09_3_L14,309
RPE-09_3_L15,477
RPE-09_3_L16,0
RPE-09_3_L17,623
RPE-09_3_L18,719
RPE-09_3_L19,1091
RPE-09_3_L20,484
RPE-09_3_L21,759
RPE-09_3_L22,618
RPE-09_3_L23,387
RPE-09_3_M02,282
RPE-09_3_M04,480
RPE-09_3_M05,548
RPE-09_3_M06,145
RPE-09_3_M08,358
RPE-09_3_M09,674
RPE-09_3_M10,673
RPE-09_3_M12,217
RPE-09_3_M13,309
RPE-09_3_M14,750
RPE-09_3_M16,754
RPE-09_3_M17,487
RPE-09_3_M18,739
RPE-09_3_M20,744
RPE-09_3_M21,744
RPE-09_3_M23,430
RPE-09_3_N02,238
RPE-09_3_N03,6
RPE-09_3_N04,139
RPE-09_3_N05,98
RPE-09_3_N06,90
RPE-09_3_N07,566
RPE-09_3_N08,678
RPE-09_3_N09,646
RPE-09_3_N10,500
RPE-09_3_N11,198
RPE-09_3_N12,977
RPE-09_3_N13,218
RPE-09_3_N14,1074
RPE-09_3_N15,384
RPE-09_3_N16,593
RPE-09_3_N17,819
RPE-09_3_N18,281
RPE-09_3_N19,900
RPE-09_3_N20,124
RPE-09_3_N21,864
RPE-09_3_N22,6
RPE-09_3_N23,142
RPE-09_3_O02,359
RPE-09_3_O03,649
RPE-09_3_O04,501
RPE-09_3_O05,51
RPE-09_3_O06,395
RPE-09_3_O07,282
RPE-09_3_O08,127
RPE-09_3_O09,665
RPE-09_3_O10,1012
RPE-09_3_O11,947
RPE-09_3_O12,943
RPE-09_3_O13,900
RPE-09_3_O14,687
RPE-09_3_O15,1028
RPE-09_3_O16,422
RPE-09_3_O17,123
RPE-09_3_O18,22
RPE-09_3_O19,302
RPE-09_3_O20,673
RPE-09_3_O21,674
RPE-09_3_O22,974
RPE-09_3_O23,1093
RPE-09_4_B03,73
RPE-09_4_B04,354
RPE-09_4_B05,530
RPE-09_4_B06,810
RPE-09_4_B07,263
RPE-09_4_B08,670
RPE-09_4_B09,106
RPE-09_4_B10,193
RPE-09_4_B11,433
RPE-09_4_B12,16
RPE-09_4_B13,587
RPE-09_4_B14,415
RPE-09_4_B15,953
RPE-09_4_B16,46
RPE-09_4_B17,9
RPE-09_4_B18,367
RPE-09_4_B19,105
RPE-09_4_B20,86
RPE-09_4_B21,29
RPE-09_4_B22,1036
RPE-09_4_B23,603
RPE-09_4_C02,61
RPE-09_4_C04,900
RPE-09_4_C05,789
RPE-09_4_C06,610
RPE-09_4_C08,670
RPE-09_4_C09,87
RPE-09_4_C10,477
RPE-09_4_C12,319
RPE-09_4_C13,440
RPE-09_4_C14,532
RPE-09_4_C16,338
RPE-09_4_C17,497
RPE-09_4_C18,1048
RPE-09_4_C20,955
RPE-09_4_C21,147
RPE-09_4_C23,523
RPE-09_4_D02,944
RPE-09_4_D03,744
RPE-09_4_D04,723
RPE-09_4_D05,935
RPE-09_4_D06,943
RPE-09_4_D07,430
RPE-09_4_D08,687
RPE-09_4_D09,235
RPE-09_4_D10,668
RPE-09_4_D11,161
RPE-09_4_D12,638
RPE-09_4_D13,804
RPE-09_4_D14,578
RPE-09_4_D15,1078
RPE-09_4_D16,591
RPE-09_4_D17,412
RPE-09_4_D18,247
RPE-09_4_D19,616
RPE-09_4_D20,358
RPE-09_4_D21,1012
RPE-09_4_D22,13
RPE-09_4_D23,361
RPE-09_4_E02,948
RPE-09_4_E03,216
RPE-09_4_E04,973
RPE-09_4_E05,953
RPE-09_4_E06,352
RPE-09_4_E07,1091
RPE-09_4_E08,310
RPE-09_4_E09,386
RPE-09_4_E10,51
RPE-09_4_E11,275
RPE-09_4_E12,655
RPE-09_4_E13,1008
RPE-09_4_E14,80
RPE-09_4_E15,1094
RPE-09_4_E16,127
RPE-09_4_E17,982
RPE-09_4_E18,485
RPE-09_4_E19,511
RPE-09_4_E20,66
RPE-09_4_E21,435
RPE-09_4_E22,1011
RPE-09_4_E23,1068
RPE-09_4_F02,1015
RPE-09_4_F04,941
RPE-09_4_F05,115
RPE-09_4_F06,309
RPE-09_4_F08,760
RPE-09_4_F09,639
RPE-09_4_F10,297
RPE-09_4_F12,28
RPE-09_4_F13,79
RPE-09_4_F14,683
RPE-09_4_F16,766
RPE-09_4_F17,707
RPE-09_4_F18,86
RPE-09_4_F20,679
RPE-09_4_F21,841
RPE-09_4_F23,556
RPE-09_4_G02,620
RPE-09_4_G03,406
RPE-09_4_G04,332
RPE-09_4_G05,240
RPE-09_4_G06,35
RPE-09_4_G07,510
RPE-09_4_G08,226
RPE-09_4_G09,138
RPE-09_4_G10,715
RPE-09_4_G11,751
RPE-09_4_G12,1024
RPE-09_4_G13,1042
RPE-09_4_G14,1072
RPE-09_4_G15,559
RPE-09_4_G16,812
RPE-09_4_G17,137
RPE-09_4_G18,589
RPE-09_4_G19,714
RPE-09_4_G20,973
RPE-09_4_G21,330
RPE-09_4_G22,105
RPE-09_4_G23,194
RPE-09_4_H02,773
RPE-09_4_H04,250
RPE-09_4_H05,79
RPE-09_4_H06,530
RPE-09_4_H08,208
RPE-09_4_H09,510
RPE-09_4_H10,780
RPE-09_4_H12,78
RPE-09_4_H13,1040
RPE-09_4_H14,1029
RPE-09_4_H16,673
RPE-09_4_H17,964
RPE-09_4_H18,920
RPE-09_4_H20,593
RPE-09_4_H21,263
RPE-09_4_H23,67
RPE-09_4_I02,609
RPE-09_4_I03,1021
RPE-09_4_I04,1029
RPE-09_4_I05,472
RPE-09_4_I06,741
RPE-09_4_I07,199
RPE-09_4_I08,1054
RPE-09_4_I09,166
RPE-09_4_I10,163
RPE-09_4_I11,211
RPE-09_4_I12,1068
RPE-09_4_I13,418
RPE-09_4_I14,419
RPE-09_4_I15,1050
RPE-09_4_I16,531
RPE-09_4_I17,500
RPE-09_4_I18,982
RPE-09_4_I19,863
RPE-09_4_I20,507
RPE-09_4_I21,980
RPE-09_4_I22,1044
RPE-09_4_I23,1017
RPE-09_4_J02,935
RPE-09_4_J04,50
RPE-09_4_J05,949
RPE-09_4_J06,786
RPE-09_4_J08,919
RPE-09_4_J09,998
RPE-09_4_J10,375
RPE-09_4_J12,472
RPE-09_4_J13,1059
RPE-09_4_J14,1037
RPE-09_4_J16,475
RPE-09_4_J17,107
RPE-09_4_J18,478
RPE-09_4_J20,867
RPE-09_4_J21,817
RPE-09_4_J23,223
RPE-09_4_K02,412
RPE-09_4_K03,412
RPE-09_4_K04,161
RPE-09_4_K05,230
RPE-09_4_K06,9
RPE-09_4_K07,1035
RPE-09_4_K08,500
RPE-09_4_K09,36
RPE-09_4_K10,28
RPE-09_4_K11,318
RPE-09_4_K12,981
RPE-09_4_K13,650
RPE-09_4_K14,323
RPE-09_4_K15,474
RPE-09_4_K16,482
RPE-09_4_K17,420
RPE-09_4_K18,339
RPE-09_4_K19,322
RPE-09_4_K20,674
RPE-09_4_K21,511
RPE-09_4_K22,674
RPE-09_4_K23,650
RPE-09_4_L02,785
RPE-09_4_L03,322
RPE-09_4_L04,216
RPE-09_4_L05,545
RPE-09_4_L06,673
RPE-09_4_L07,426
RPE-09_4_L08,266
RPE-09_4_L09,560
RPE-09_4_L10,637
RPE-09_4_L11,78
RPE-09_4_L12,232
RPE-09_4_L13,680
RPE-09_4_L14,674
RPE-09_4_L15,412
RPE-09_4_L16,892
RPE-09_4_L17,468
RPE-09_4_L18,882
RPE-09_4_L19,767
RPE-09_4_L20,250
RPE-09_4_L21,727
RPE-09_4_L22,304
RPE-09_4_L23,288
RPE-09_4_M02,408
RPE-09_4_M04,517
RPE-09_4_M05,941
RPE-09_4_M06,306
RPE-09_4_M08,754
RPE-09_4_M09,863
RPE-09_4_M10,482
RPE-09_4_M12,120
RPE-09_4_M13,86
RPE-09_4_M14,1013
RPE-09_4_M16,73
RPE-09_4_M17,73
RPE-09_4_M18,117
RPE-09_4_M20,980
RPE-09_4_M21,675
RPE-09_4_M23,674
RPE-09_4_N02,658
RPE-09_4_N03,317
RPE-09_4_N04,855
RPE-09_4_N05,906
RPE-09_4_N06,358
RPE-09_4_N07,545
RPE-09_4_N08,249
RPE-09_4_N09,1006
RPE-09_4_N10,1068
RPE-09_4_N11,67
RPE-09_4_N12,843
RPE-09_4_N13,907
RPE-09_4_N14,367
RPE-09_4_N15,55
RPE-09_4_N16,852
RPE-09_4_N17,639
RPE-09_4_N18,795
RPE-09_4_N19,690
RPE-09_4_N20,384
RPE-09_4_N21,476
RPE-09_4_N22,530
RPE-09_4_N23,110
RPE-09_4_O02,79
RPE-09_4_O03,204
RPE-09_4_O04,586
RPE-09_4_O05,273
RPE-09_4_O06,941
RPE-09_4_O07,292
RPE-09_4_O08,616
RPE-09_4_O09,251
RPE-09_4_O10,634
RPE-09_4_O11,38
RPE-09_4_O12,127
RPE-09_4_O13,250
RPE-09_4_O14,935
RPE-09_4_O15,420
RPE-09_4_O16,625
RPE-09_4_O17,14
RPE-09_4_O18,34
RPE-09_4_O19,772
RPE-09_4_O20,139
RPE-09_4_O21,785
RPE-09_4_O22,498
RPE-09_4_O23,1039
RPE-10_1_B03,324
RPE-10_1_B04,840
RPE-10_1_B05,155
RPE-10_1_B06,256
RPE-10_1_B07,47
RPE-10_1_B08,408
RPE-10_1_B09,1027
RPE-10_1_B10,547
RPE-10_1_B11,845
RPE-10_1_B12,1035
RPE-10_1_B13,400
RPE-10_1_B14,660
RPE-10_1_B15,487
RPE-10_1_B16,1086
RPE-10_1_B17,647
RPE-10_1_B18,293
RPE-10_1_B19,765
RPE-10_1_B20,1098
RPE-10_1_B21,215
RPE-10_1_B22,360
RPE-10_1_B23,75
RPE-10_1_C02,947
RPE-10_1_C04,388
RPE-10_1_C05,397
RPE-10_1_C06,9
RPE-10_1_C08,652
RPE-10_1_C09,500
RPE-10_1_C10,363
RPE-10_1_C12,481
RPE-10_1_C13,346
RPE-10_1_C14,308
RPE-10_1_C16,1091
RPE-10_1_C17,598
RPE-10_1_C18,670
RPE-10_1_C20,572
RPE-10_1_C21,3
RPE-10_1_C23,754
RPE-10_1_D02,613
RPE-10_1_D03,431
RPE-10_1_D04,960
RPE-10_1_D05,383
RPE-10_1_D06,1084
RPE-10_1_D07,525
RPE-10_1_D08,670
RPE-10_1_D09,59
RPE-10_1_D10,358
RPE-10_1_D11,5
RPE-10_1_D12,136
RPE-10_1_D13,374
RPE-10_1_D14,657
RPE-10_1_D15,639
RPE-10_1_D16,388
RPE-10_1_D17,699
RPE-10_1_D18,76
RPE-10_1_D19,59
RPE-10_1_D20,49
RPE-10_1_D21,605
RPE-10_1_D22,26
RPE-10_1_D23,525
RPE-10_1_E02,181
RPE-10_1_E03,866
RPE-10_1_E04,761
RPE-10_1_E05,1032
RPE-10_1_E06,3
RPE-10_1_E07,274
RPE-10_1_E08,212
RPE-10_1_E09,1031
RPE-10_1_E10,383
RPE-10_1_E11,456
RPE-10_1_E12,47
RPE-10_1_E13,443
RPE-10_1_E14,647
RPE-10_1_E15,67
RPE-10_1_E16,1060
RPE-10_1_E17,647
RPE-10_1_E18,86
RPE-10_1_E19,413
RPE-10_1_E20,445
RPE-10_1_E21,881
RPE-10_1_E22,840
RPE-10_1_E23,215
RPE-10_1_F02,54
RPE-10_1_F04,3
RPE-10_1_F05,703
RPE-10_1_F06,1089
RPE-10_1_F08,201
RPE-10_1_F09,538
RPE-10_1_F10,59
RPE-10_1_F12,3
RPE-10_1_F13,673
RPE-10_1_F14,973
RPE-10_1_F16,59
RPE-10_1_F17,1035
RPE-10_1_F18,94
RPE-10_1_F20,744
RPE-10_1_F21,3
RPE-10_1_F23,1086
RPE-10_1_G02,624
RPE-10_1_G03,636
RPE-10_1_G04,16
RPE-10_1_G05,513
RPE-10_1_G06,46
RPE-10_1_G07,1104
RPE-10_1_G08,59
RPE-10_1_G09,673
RPE-10_1_G10,659
RPE-10_1_G11,94
RPE-10_1_G12,129
RPE-10_1_G13,952
RPE-10_1_G14,910
RPE-10_1_G15,274
RPE-10_1_G16,59
RPE-10_1_G17,757
RPE-10_1_G18,129
RPE-10_1_G19,371
RPE-10_1_G20,241
RPE-10_1_G21,749
RPE-10_1_G22,222
RPE-10_1_G23,654
RPE-10_1_H02,570
RPE-10_1_H04,510
RPE-10_1_H05,1070
RPE-10_1_H06,8
RPE-10_1_H08,1015
RPE-10_1_H09,625
RPE-10_1_H10,59
RPE-10_1_H12,1048
RPE-10_1_H13,473
RPE-10_1_H14,541
RPE-10_1_H16,481
RPE-10_1_H17,49
RPE-10_1_H18,59
RPE-10_1_H20,655
RPE-10_1_H21,983
RPE-10_1_H23,285
RPE-10_1_I02,618
RPE-10_1_I03,981
RPE-10_1_I04,576
RPE-10_1_I05,647
RPE-10_1_I06,46
RPE-10_1_I07,59
RPE-10_1_I08,481
RPE-10_1_I09,561
RPE-10_1_I10,823
RPE-10_1_I11,903
RPE-10_1_I12,1092
RPE-10_1_I13,692
RPE-10_1_I14,354
RPE-10_1_I15,456
RPE-10_1_I16,567
RPE-10_1_I17,59
RPE-10_1_I18,287
RPE-10_1_I19,439
RPE-10_1_I20,744
RPE-10_1_I21,538
RPE-10_1_I22,339
RPE-10_1_I23,962
RPE-10_1_J02,147
RPE-10_1_J04,1056
RPE-10_1_J05,100
RPE-10_1_J06,445
RPE-10_1_J08,396
RPE-10_1_J09,508
RPE-10_1_J10,88
RPE-10_1_J12,576
RPE-10_1_J13,308
RPE-10_1_J14,59
RPE-10_1_J16,698
RPE-10_1_J17,744
RPE-10_1_J18,582
RPE-10_1_J20,897
RPE-10_1_J21,733
RPE-10_1_J23,338
RPE-10_1_K02,360
RPE-10_1_K03,277
RPE-10_1_K04,293
RPE-10_1_K05,450
RPE-10_1_K06,1056
RPE-10_1_K07,46
RPE-10_1_K08,1104
RPE-10_1_K09,266
RPE-10_1_K10,488
RPE-10_1_K11,8
RPE-10_1_K12,605
RPE-10_1_K13,764
RPE-10_1_K14,1066
RPE-10_1_K15,388
RPE-10_1_K16,444
RPE-10_1_K17,1086
RPE-10_1_K18,875
RPE-10_1_K19,897
RPE-10_1_K20,172
RPE-10_1_K21,173
RPE-10_1_K22,986
RPE-10_1_K23,1075
RPE-10_1_L02,987
RPE-10_1_L03,983
RPE-10_1_L04,537
RPE-10_1_L05,658
RPE-10_1_L06,557
RPE-10_1_L07,870
RPE-10_1_L08,481
RPE-10_1_L09,655
RPE-10_1_L10,211
RPE-10_1_L11,868
RPE-10_1_L12,588
RPE-10_1_L13,973
RPE-10_1_L14,486
RPE-10_1_L15,772
RPE-10_1_L16,366
RPE-10_1_L17,883
RPE-10_1_L18,1062
RPE-10_1_L19,660
RPE-10_1_L20,49
RPE-10_1_L21,293
RPE-10_1_L22,383
RPE-10_1_L23,320
RPE-10_1_M02,744
RPE-10_1_M04,383
RPE-10_1_M05,64
RPE-10_1_M06,585
RPE-10_1_M08,174
RPE-10_1_M09,793
RPE-10_1_M10,600
RPE-10_1_M12,88
RPE-10_1_M13,717
RPE-10_1_M14,897
RPE-10_1_M16,1070
RPE-10_1_M17,744
RPE-10_1_M18,215
RPE-10_1_M20,771
RPE-10_1_M21,593
RPE-10_1_M23,48
RPE-10_1_N02,1086
RPE-10_1_N03,945
RPE-10_1_N04,506
RPE-10_1_N05,481
RPE-10_1_N06,102
RPE-10_1_N07,398
RPE-10_1_N08,157
RPE-10_1_N09,618
RPE-10_1_N10,660
RPE-10_1_N11,32
RPE-10_1_N12,963
RPE-10_1_N13,600
RPE-10_1_N14,410
RPE-10_1_N15,708
RPE-10_1_N16,350
RPE-10_1_N17,1100
RPE-10_1_N18,396
RPE-10_1_N19,1043
RPE-10_1_N20,676
RPE-10_1_N21,826
RPE-10_1_N22,412
RPE-10_1_N23,879
RPE-10_1_O02,1089
RPE-10_1_O03,379
RPE-10_1_O04,215
RPE-10_1_O05,1066
RPE-10_1_O06,47
RPE-10_1_O07,500
RPE-10_1_O08,939
RPE-10_1_O09,144
RPE-10_1_O10,346
RPE-10_1_O11,100
RPE-10_1_O12,26
RPE-10_1_O13,593
RPE-10_1_O14,866
RPE-10_1_O15,970
RPE-10_1_O16,398
RPE-10_1_O17,625
RPE-10_1_O18,1066
RPE-10_1_O19,676
RPE-10_1_O20,855
RPE-10_1_O21,555
RPE-10_1_O22,91
RPE-10_1_O23,392
RPE-10_2_B03,682
RPE-10_2_B04,95
RPE-10_2_B05,787
RPE-10_2_B06,156
RPE-10_2_B07,236
RPE-10_2_B08,624
RPE-10_2_B09,893
RPE-10_2_B10,430
RPE-10_2_B11,408
RPE-10_2_B12,273
RPE-10_2_B13,492
RPE-10_2_B14,139
RPE-10_2_B15,44
RPE-10_2_B16,47
RPE-10_2_B17,636
RPE-10_2_B18,117
RPE-10_2_B19,894
RPE-10_2_B20,992
RPE-10_2_B21,592
RPE-10_2_B22,934
RPE-10_2_B23,783
RPE-10_2_C02,1094
RPE-10_2_C04,284
RPE-10_2_C05,7
RPE-10_2_C06,131
RPE-10_2_C08,25
RPE-10_2_C09,500
RPE-10_2_C10,138
RPE-10_2_C12,145
RPE-10_2_C13,972
RPE-10_2_C14,500
RPE-10_2_C16,114
RPE-10_2_C17,942
RPE-10_2_C18,794
RPE-10_2_C20,654
RPE-10_2_C21,1087
RPE-10_2_C23,1078
RPE-10_2_D02,651
RPE-10_2_D03,656
RPE-10_2_D04,1032
RPE-10_2_D05,78
RPE-10_2_D06,538
RPE-10_2_D07,913
RPE-10_2_D08,398
RPE-10_2_D09,973
RPE-10_2_D10,64
RPE-10_2_D11,707
RPE-10_2_D12,913
RPE-10_2_D13,952
RPE-10_2_D14,95
RPE-10_2_D15,849
RPE-10_2_D16,952
RPE-10_2_D17,669
RPE-10_2_D18,897
RPE-10_2_D19,500
RPE-10_2_D20,189
RPE-10_2_D21,479
RPE-10_2_D22,280
RPE-10_2_D23,5
RPE-10_2_E02,909
RPE-10_2_E03,645
RPE-10_2_E04,1092
RPE-10_2_E05,795
RPE-10_2_E06,924
RPE-10_2_E07,1043
RPE-10_2_E08,191
RPE-10_2_E09,737
RPE-10_2_E10,867
RPE-10_2_E11,744
RPE-10_2_E12,698
RPE-10_2_E13,904
RPE-10_2_E14,92
RPE-10_2_E15,495
RPE-10_2_E16,132
RPE-10_2_E17,563
RPE-10_2_E18,100
RPE-10_2_E19,351
RPE-10_2_E20,822
RPE-10_2_E21,407
RPE-10_2_E22,319
RPE-10_2_E23,640
RPE-10_2_F02,428
RPE-10_2_F04,428
RPE-10_2_F05,1086
RPE-10_2_F06,331
RPE-10_2_F08,866
RPE-10_2_F09,1097
RPE-10_2_F10,938
RPE-10_2_F12,236
RPE-10_2_F13,1032
RPE-10_2_F14,953
RPE-10_2_F16,384
RPE-10_2_F17,849
RPE-10_2_F18,768
RPE-10_2_F20,676
RPE-10_2_F21,75
RPE-10_2_F23,353
RPE-10_2_G02,772
RPE-10_2_G03,1070
RPE-10_2_G04,623
RPE-10_2_G05,1047
RPE-10_2_G06,1063
RPE-10_2_G07,45
RPE-10_2_G08,915
RPE-10_2_G09,617
RPE-10_2_G10,196
RPE-10_2_G11,562
RPE-10_2_G12,284
RPE-10_2_G13,1107
RPE-10_2_G14,193
RPE-10_2_G15,486
RPE-10_2_G16,947
RPE-10_2_G17,1049
RPE-10_2_G18,95
RPE-10_2_G19,683
RPE-10_2_G20,474
RPE-10_2_G21,349
RPE-10_2_G22,347
RPE-10_2_G23,291
RPE-10_2_H02,746
RPE-10_2_H04,142
RPE-10_2_H05,660
RPE-10_2_H06,197
RPE-10_2_H08,722
RPE-10_2_H09,481
RPE-10_2_H10,421
RPE-10_2_H12,861
RPE-10_2_H13,386
RPE-10_2_H14,830
RPE-10_2_H16,114
RPE-10_2_H17,593
RPE-10_2_H18,447
RPE-10_2_H20,233
RPE-10_2_H21,1100
RPE-10_2_H23,785
RPE-10_2_I02,896
RPE-10_2_I03,127
RPE-10_2_I04,970
RPE-10_2_I05,932
RPE-10_2_I06,659
RPE-10_2_I07,605
RPE-10_2_I08,975
RPE-10_2_I09,206
RPE-10_2_I10,761
RPE-10_2_I11,388
RPE-10_2_I12,771
RPE-10_2_I13,386
RPE-10_2_I14,404
RPE-10_2_I15,382
RPE-10_2_I16,303
RPE-10_2_I17,1100
RPE-10_2_I18,771
RPE-10_2_I19,625
RPE-10_2_I20,473
RPE-10_2_I21,386
RPE-10_2_I22,1100
RPE-10_2_I23,951
RPE-10_2_J02,1035
RPE-10_2_J04,28
RPE-10_2_J05,100
RPE-10_2_J06,401
RPE-10_2_J08,952
RPE-10_2_J09,95
RPE-10_2_J10,730
RPE-10_2_J12,537
RPE-10_2_J13,695
RPE-10_2_J14,639
RPE-10_2_J16,592
RPE-10_2_J17,918
RPE-10_2_J18,869
RPE-10_2_J20,801
RPE-10_2_J21,923
RPE-10_2_J23,1094
RPE-10_2_K02,245
RPE-10_2_K03,639
RPE-10_2_K04,255
RPE-10_2_K05,1086
RPE-10_2_K06,500
RPE-10_2_K07,849
RPE-10_2_K08,542
RPE-10_2_K09,563
RPE-10_2_K10,75
RPE-10_2_K11,211
RPE-10_2_K12,855
RPE-10_2_K13,64
RPE-10_2_K14,1092
RPE-10_2_K15,1048
RPE-10_2_K16,1024
RPE-10_2_K17,902
RPE-10_2_K18,42
RPE-10_2_K19,1047
RPE-10_2_K20,428
RPE-10_2_K21,28
RPE-10_2_K22,563
RPE-10_2_K23,63
RPE-10_2_L02,262
RPE-10_2_L03,232
RPE-10_2_L04,1086
RPE-10_2_L05,946
RPE-10_2_L06,573
RPE-10_2_L07,646
RPE-10_2_L08,740
RPE-10_2_L09,28
RPE-10_2_L10,570
RPE-10_2_L11,822
RPE-10_2_L12,669
RPE-10_2_L13,400
RPE-10_2_L14,1092
RPE-10_2_L15,45
RPE-10_2_L16,165
RPE-10_2_L17,66
RPE-10_2_L18,321
RPE-10_2_L19,889
RPE-10_2_L20,578
RPE-10_2_L21,855
RPE-10_2_L22,1057
RPE-10_2_L23,409
RPE-10_2_M02,481
RPE-10_2_M04,628
RPE-10_2_M05,104
RPE-10_2_M06,685
RPE-10_2_M08,262
RPE-10_2_M09,564
RPE-10_2_M10,761
RPE-10_2_M12,593
RPE-10_2_M13,498
RPE-10_2_M14,178
RPE-10_2_M16,896
RPE-10_2_M17,30
RPE-10_2_M18,753
RPE-10_2_M20,787
RPE-10_2_M21,1100
RPE-10_2_M23,100
RPE-10_2_N02,685
RPE-10_2_N03,764
RPE-10_2_N04,1032
RPE-10_2_N05,871
RPE-10_2_N06,822
RPE-10_2_N07,706
RPE-10_2_N08,381
RPE-10_2_N09,49
RPE-10_2_N10,1052
RPE-10_2_N11,1094
RPE-10_2_N12,541
RPE-10_2_N13,941
RPE-10_2_N14,600
RPE-10_2_N15,283
RPE-10_2_N16,383
RPE-10_2_N17,329
RPE-10_2_N18,203
RPE-10_2_N19,1051
RPE-10_2_N20,895
RPE-10_2_N21,924
RPE-10_2_N22,600
RPE-10_2_N23,1100
RPE-10_2_O02,100
RPE-10_2_O03,30
RPE-10_2_O04,156
RPE-10_2_O05,737
RPE-10_2_O06,319
RPE-10_2_O07,252
RPE-10_2_O08,813
RPE-10_2_O09,956
RPE-10_2_O10,475
RPE-10_2_O11,27
RPE-10_2_O12,1083
RPE-10_2_O13,17
RPE-10_2_O14,898
RPE-10_2_O15,744
RPE-10_2_O16,1070
RPE-10_2_O17,733
RPE-10_2_O18,600
RPE-10_2_O19,207
RPE-10_2_O20,1100
RPE-10_2_O21,215
RPE-10_2_O22,386
RPE-10_2_O23,592
RPE-10_3_B03,843
RPE-10_3_B04,815
RPE-10_3_B05,746
RPE-10_3_B06,717
RPE-10_3_B07,203
RPE-10_3_B08,706
RPE-10_3_B09,8
RPE-10_3_B10,1086
RPE-10_3_B11,966
RPE-10_3_B12,289
RPE-10_3_B13,1014
RPE-10_3_B14,1047
RPE-10_3_B15,525
RPE-10_3_B16,255
RPE-10_3_B17,51
RPE-10_3_B18,347
RPE-10_3_B19,772
RPE-10_3_B20,45
RPE-10_3_B21,291
RPE-10_3_B22,772
RPE-10_3_B23,769
RPE-10_3_C02,966
RPE-10_3_C04,820
RPE-10_3_C05,654
RPE-10_3_C06,296
RPE-10_3_C08,163
RPE-10_3_C09,446
RPE-10_3_C10,469
RPE-10_3_C12,1092
RPE-10_3_C13,342
RPE-10_3_C14,763
RPE-10_3_C16,293
RPE-10_3_C17,1
RPE-10_3_C18,130
RPE-10_3_C20,772
RPE-10_3_C21,693
RPE-10_3_C23,98
RPE-10_3_D02,718
RPE-10_3_D03,1035
RPE-10_3_D04,437
RPE-10_3_D05,699
RPE-10_3_D06,145
RPE-10_3_D07,193
RPE-10_3_D08,592
RPE-10_3_D09,484
RPE-10_3_D10,1035
RPE-10_3_D11,800
RPE-10_3_D12,872
RPE-10_3_D13,886
RPE-10_3_D14,390
RPE-10_3_D15,461
RPE-10_3_D16,822
RPE-10_3_D17,291
RPE-10_3_D18,702
RPE-10_3_D19,316
RPE-10_3_D20,291
RPE-10_3_D21,102
RPE-10_3_D22,22
RPE-10_3_D23,798
RPE-10_3_E02,967
RPE-10_3_E03,348
RPE-10_3_E04,1104
RPE-10_3_E05,900
RPE-10_3_E06,487
RPE-10_3_E07,49
RPE-10_3_E08,966
RPE-10_3_E09,614
RPE-10_3_E10,1074
RPE-10_3_E11,933
RPE-10_3_E12,1052
RPE-10_3_E13,1034
RPE-10_3_E14,905
RPE-10_3_E15,945
RPE-10_3_E16,666
RPE-10_3_E17,3
RPE-10_3_E18,100
RPE-10_3_E19,176
RPE-10_3_E20,822
RPE-10_3_E21,481
RPE-10_3_E22,748
RPE-10_3_E23,744
RPE-10_3_F02,39
RPE-10_3_F04,280
RPE-10_3_F05,243
RPE-10_3_F06,768
RPE-10_3_F08,593
RPE-10_3_F09,550
RPE-10_3_F10,207
RPE-10_3_F12,1011
RPE-10_3_F13,642
RPE-10_3_F14,1031
RPE-10_3_F16,558
RPE-10_3_F17,924
RPE-10_3_F18,195
RPE-10_3_F20,719
RPE-10_3_F21,418
RPE-10_3_F23,396
RPE-10_3_G02,822
RPE-10_3_G03,746
RPE-10_3_G04,551
RPE-10_3_G05,338
RPE-10_3_G06,34
RPE-10_3_G07,540
RPE-10_3_G08,516
RPE-10_3_G09,42
RPE-10_3_G10,666
RPE-10_3_G11,841
RPE-10_3_G12,393
RPE-10_3_G13,319
RPE-10_3_G14,755
RPE-10_3_G15,78
RPE-10_3_G16,1025
RPE-10_3_G17,625
RPE-10_3_G18,357
RPE-10_3_G19,314
RPE-10_3_G20,28
RPE-10_3_G21,1091
RPE-10_3_G22,487
RPE-10_3_G23,751
RPE-10_3_H02,949
RPE-10_3_H04,252
RPE-10_3_H05,896
RPE-10_3_H06,122
RPE-10_3_H08,47
RPE-10_3_H09,679
RPE-10_3_H10,733
RPE-10_3_H12,866
RPE-10_3_H13,902
RPE-10_3_H14,869
RPE-10_3_H16,49
RPE-10_3_H17,919
RPE-10_3_H18,196
RPE-10_3_H20,921
RPE-10_3_H21,755
RPE-10_3_H23,779
RPE-10_3_I02,123
RPE-10_3_I03,1010
RPE-10_3_I04,1070
RPE-10_3_I05,88
RPE-10_3_I06,226
RPE-10_3_I07,639
RPE-10_3_I08,167
RPE-10_3_I09,360
RPE-10_3_I10,593
RPE-10_3_I11,307
RPE-10_3_I12,701
RPE-10_3_I13,95
RPE-10_3_I14,777
RPE-10_3_I15,356
RPE-10_3_I16,443
RPE-10_3_I17,772
RPE-10_3_I18,119
RPE-10_3_I19,359
RPE-10_3_I20,390
RPE-10_3_I21,30
RPE-10_3_I22,262
RPE-10_3_I23,124
RPE-10_3_J02,622
RPE-10_3_J04,291
RPE-10_3_J05,1092
RPE-10_3_J06,918
RPE-10_3_J08,49
RPE-10_3_J09,359
RPE-10_3_J10,622
RPE-10_3_J12,49
RPE-10_3_J13,834
RPE-10_3_J14,709
RPE-10_3_J16,592
RPE-10_3_J17,279
RPE-10_3_J18,595
RPE-10_3_J20,970
RPE-10_3_J21,539
RPE-10_3_J23,123
RPE-10_3_K02,802
RPE-10_3_K03,733
RPE-10_3_K04,95
RPE-10_3_K05,596
RPE-10_3_K06,380
RPE-10_3_K07,90
RPE-10_3_K08,7
RPE-10_3_K09,45
RPE-10_3_K10,810
RPE-10_3_K11,145
RPE-10_3_K12,327
RPE-10_3_K13,525
RPE-10_3_K14,632
RPE-10_3_K15,481
RPE-10_3_K16,23
RPE-10_3_K17,386
RPE-10_3_K18,1087
RPE-10_3_K19,386
RPE-10_3_K20,680
RPE-10_3_K21,100
RPE-10_3_K22,86
RPE-10_3_K23,966
RPE-10_3_L02,966
RPE-10_3_L03,716
RPE-10_3_L04,191
RPE-10_3_L05,1070
RPE-10_3_L06,562
RPE-10_3_L07,1035
RPE-10_3_L08,501
RPE-10_3_L09,355
RPE-10_3_L10,707
RPE-10_3_L11,551
RPE-10_3_L12,798
RPE-10_3_L13,861
RPE-10_3_L14,23
RPE-10_3_L15,481
RPE-10_3_L16,530
RPE-10_3_L17,21
RPE-10_3_L18,365
RPE-10_3_L19,279
RPE-10_3_L20,824
RPE-10_3_L21,497
RPE-10_3_L22,849
RPE-10_3_L23,86
RPE-10_3_M02,1052
RPE-10_3_M04,592
RPE-10_3_M05,1086
RPE-10_3_M06,909
RPE-10_3_M08,183
RPE-10_3_M09,931
RPE-10_3_M10,600
RPE-10_3_M12,13
RPE-10_3_M13,619
RPE-10_3_M14,100
RPE-10_3_M16,640
RPE-10_3_M17,915
RPE-10_3_M18,1086
RPE-10_3_M20,541
RPE-10_3_M21,863
RPE-10_3_M23,121
RPE-10_3_N02,386
RPE-10_3_N03,246
RPE-10_3_N04,902
RPE-10_3_N05,749
RPE-10_3_N06,430
RPE-10_3_N07,670
RPE-10_3_N08,64
RPE-10_3_N09,520
RPE-10_3_N10,707
RPE-10_3_N11,228
RPE-10_3_N12,360
RPE-10_3_N13,608
RPE-10_3_N14,910
RPE-10_3_N15,1087
RPE-10_3_N16,1012
RPE-10_3_N17,114
RPE-10_3_N18,605
RPE-10_3_N19,685
RPE-10_3_N20,443
RPE-10_3_N21,388
RPE-10_3_N22,759
RPE-10_3_N23,28
RPE-10_3_O02,684
RPE-10_3_O03,491
RPE-10_3_O04,330
RPE-10_3_O05,120
RPE-10_3_O06,755
RPE-10_3_O07,604
RPE-10_3_O08,627
RPE-10_3_O09,551
RPE-10_3_O10,1063
RPE-10_3_O11,970
RPE-10_3_O12,943
RPE-10_3_O13,825
RPE-10_3_O14,993
RPE-10_3_O15,45
RPE-10_3_O16,695
RPE-10_3_O17,670
RPE-10_3_O18,1048
RPE-10_3_O19,3
RPE-10_3_O20,1092
RPE-10_3_O21,86
RPE-10_3_O22,194
RPE-10_3_O23,67
RPE-10_4_B03,47
RPE-10_4_B04,196
RPE-10_4_B05,824
RPE-10_4_B06,319
RPE-10_4_B07,173
RPE-10_4_B08,140
RPE-10_4_B09,1006
RPE-10_4_B10,1086
RPE-10_4_B11,251
RPE-10_4_B12,475
RPE-10_4_B13,707
RPE-10_4_B14,51
RPE-10_4_B15,976
RPE-10_4_B16,386
RPE-10_4_B17,855
RPE-10_4_B18,1026
RPE-10_4_B19,100
RPE-10_4_B20,86
RPE-10_4_B21,1069
RPE-10_4_B22,69
RPE-10_4_B23,660
RPE-10_4_C02,373
RPE-10_4_C04,976
RPE-10_4_C05,1021
RPE-10_4_C06,634
RPE-10_4_C08,494
RPE-10_4_C09,308
RPE-10_4_C10,938
RPE-10_4_C12,619
RPE-10_4_C13,824
RPE-10_4_C14,383
RPE-10_4_C16,335
RPE-10_4_C17,1089
RPE-10_4_C18,487
RPE-10_4_C20,319
RPE-10_4_C21,850
RPE-10_4_C23,500
RPE-10_4_D02,15
RPE-10_4_D03,1089
RPE-10_4_D04,887
RPE-10_4_D05,161
RPE-10_4_D06,777
RPE-10_4_D07,36
RPE-10_4_D08,685
RPE-10_4_D09,973
RPE-10_4_D10,204
RPE-10_4_D11,818
RPE-10_4_D12,1049
RPE-10_4_D13,896
RPE-10_4_D14,28
RPE-10_4_D15,302
RPE-10_4_D16,780
RPE-10_4_D17,538
RPE-10_4_D18,843
RPE-10_4_D19,712
RPE-10_4_D20,379
RPE-10_4_D21,500
RPE-10_4_D22,868
RPE-10_4_D23,1010
RPE-10_4_E02,1048
RPE-10_4_E03,241
RPE-10_4_E04,59
RPE-10_4_E05,23
RPE-10_4_E06,420
RPE-10_4_E07,660
RPE-10_4_E08,321
RPE-10_4_E09,356
RPE-10_4_E10,73
RPE-10_4_E11,67
RPE-10_4_E12,193
RPE-10_4_E13,524
RPE-10_4_E14,758
RPE-10_4_E15,895
RPE-10_4_E16,966
RPE-10_4_E17,1016
RPE-10_4_E18,627
RPE-10_4_E19,470
RPE-10_4_E20,193
RPE-10_4_E21,266
RPE-10_4_E22,600
RPE-10_4_E23,776
RPE-10_4_F02,1016
RPE-10_4_F04,1048
RPE-10_4_F05,383
RPE-10_4_F06,1092
RPE-10_4_F08,419
RPE-10_4_F09,1026
RPE-10_4_F10,974
RPE-10_4_F12,419
RPE-10_4_F13,982
RPE-10_4_F14,657
RPE-10_4_F16,652
RPE-10_4_F17,59
RPE-10_4_F18,79
RPE-10_4_F20,196
RPE-10_4_F21,660
RPE-10_4_F23,75
RPE-10_4_G02,1005
RPE-10_4_G03,948
RPE-10_4_G04,537
RPE-10_4_G05,964
RPE-10_4_G06,459
RPE-10_4_G07,321
RPE-10_4_G08,5
RPE-10_4_G09,730
RPE-10_4_G10,446
RPE-10_4_G11,540
RPE-10_4_G12,30
RPE-10_4_G13,588
RPE-10_4_G14,833
RPE-10_4_G15,50
RPE-10_4_G16,794
RPE-10_4_G17,95
RPE-10_4_G18,70
RPE-10_4_G19,86
RPE-10_4_G20,538
RPE-10_4_G21,964
RPE-10_4_G22,509
RPE-10_4_G23,764
RPE-10_4_H02,681
RPE-10_4_H04,1008
RPE-10_4_H05,28
RPE-10_4_H06,453
RPE-10_4_H08,13
RPE-10_4_H09,639
RPE-10_4_H10,645
RPE-10_4_H12,110
RPE-10_4_H13,777
RPE-10_4_H14,573
RPE-10_4_H16,386
RPE-10_4_H17,189
RPE-10_4_H18,403
RPE-10_4_H20,701
RPE-10_4_H21,918
RPE-10_4_H23,1070
RPE-10_4_I02,1092
RPE-10_4_I03,980
RPE-10_4_I04,356
RPE-10_4_I05,1004
RPE-10_4_I06,1086
RPE-10_4_I07,800
RPE-10_4_I08,1104
RPE-10_4_I09,767
RPE-10_4_I10,1012
RPE-10_4_I11,843
RPE-10_4_I12,104
RPE-10_4_I13,573
RPE-10_4_I14,824
RPE-10_4_I15,843
RPE-10_4_I16,1086
RPE-10_4_I17,629
RPE-10_4_I18,293
RPE-10_4_I19,1063
RPE-10_4_I20,698
RPE-10_4_I21,0
RPE-10_4_I22,30
RPE-10_4_I23,872
RPE-10_4_J02,430
RPE-10_4_J04,848
RPE-10_4_J05,45
RPE-10_4_J06,954
RPE-10_4_J08,137
RPE-10_4_J09,866
RPE-10_4_J10,698
RPE-10_4_J12,316
RPE-10_4_J13,1092
RPE-10_4_J14,44
RPE-10_4_J16,357
RPE-10_4_J17,104
RPE-10_4_J18,673
RPE-10_4_J20,1003
RPE-10_4_J21,21
RPE-10_4_J23,325
RPE-10_4_K02,798
RPE-10_4_K03,291
RPE-10_4_K04,748
RPE-10_4_K05,560
RPE-10_4_K06,644
RPE-10_4_K07,382
RPE-10_4_K08,776
RPE-10_4_K09,490
RPE-10_4_K10,869
RPE-10_4_K11,631
RPE-10_4_K12,898
RPE-10_4_K13,252
RPE-10_4_K14,7
RPE-10_4_K15,1003
RPE-10_4_K16,1072
RPE-10_4_K17,854
RPE-10_4_K18,12
RPE-10_4_K19,1066
RPE-10_4_K20,95
RPE-10_4_K21,34
RPE-10_4_K22,474
RPE-10_4_K23,869
RPE-10_4_L02,578
RPE-10_4_L03,1086
RPE-10_4_L04,79
RPE-10_4_L05,593
RPE-10_4_L06,1066
RPE-10_4_L07,1097
RPE-10_4_L08,887
RPE-10_4_L09,481
RPE-10_4_L10,1086
RPE-10_4_L11,695
RPE-10_4_L12,892
RPE-10_4_L13,16
RPE-10_4_L14,242
RPE-10_4_L15,1097
RPE-10_4_L16,496
RPE-10_4_L17,685
RPE-10_4_L18,975
RPE-10_4_L19,1063
RPE-10_4_L20,699
RPE-10_4_L21,356
RPE-10_4_L22,685
RPE-10_4_L23,197
RPE-10_4_M02,252
RPE-10_4_M04,1086
RPE-10_4_M05,28
RPE-10_4_M06,833
RPE-10_4_M08,761
RPE-10_4_M09,5
RPE-10_4_M10,660
RPE-10_4_M12,638
RPE-10_4_M13,1081
RPE-10_4_M14,1082
RPE-10_4_M16,998
RPE-10_4_M17,107
RPE-10_4_M18,49
RPE-10_4_M20,1092
RPE-10_4_M21,45
RPE-10_4_M23,173
RPE-10_4_N02,593
RPE-10_4_N03,993
RPE-10_4_N04,896
RPE-10_4_N05,1011
RPE-10_4_N06,215
RPE-10_4_N07,319
RPE-10_4_N08,882
RPE-10_4_N09,609
RPE-10_4_N10,966
RPE-10_4_N11,822
RPE-10_4_N12,488
RPE-10_4_N13,865
RPE-10_4_N14,517
RPE-10_4_N15,887
RPE-10_4_N16,561
RPE-10_4_N17,230
RPE-10_4_N18,87
RPE-10_4_N19,382
RPE-10_4_N20,587
RPE-10_4_N21,386
RPE-10_4_N22,104
RPE-10_4_N23,28
RPE-10_4_O02,699
RPE-10_4_O03,386
RPE-10_4_O04,839
RPE-10_4_O05,114
RPE-10_4_O06,610
RPE-10_4_O07,942
RPE-10_4_O08,273
RPE-10_4_O09,639
RPE-10_4_O10,1092
RPE-10_4_O11,57
RPE-10_4_O12,647
RPE-10_4_O13,623
RPE-10_4_O14,702
RPE-10_4_O15,150
RPE-10_4_O16,670
RPE-10_4_O17,1089
RPE-10_4_O18,235
RPE-10_4_O19,63
RPE-10_4_O20,404
RPE-10_4_O21,660
RPE-10_4_O22,693
RPE-10_4_O23,1103
RPE-11_1_B03,459
RPE-11_1_B04,593
RPE-11_1_B05,479
RPE-11_1_B06,466
RPE-11_1_B07,59
RPE-11_1_B08,105
RPE-11_1_B09,119
RPE-11_1_B10,167
RPE-11_1_B11,826
RPE-11_1_B12,942
RPE-11_1_B13,1035
RPE-11_1_B14,300
RPE-11_1_B15,822
RPE-11_1_B16,147
RPE-11_1_B17,822
RPE-11_1_B18,613
RPE-11_1_B19,147
RPE-11_1_B20,826
RPE-11_1_B21,783
RPE-11_1_B22,526
RPE-11_1_B23,829
RPE-11_1_C02,256
RPE-11_1_C04,761
RPE-11_1_C05,1097
RPE-11_1_C06,870
RPE-11_1_C08,866
RPE-11_1_C09,258
RPE-11_1_C10,181
RPE-11_1_C12,896
RPE-11_1_C13,156
RPE-11_1_C14,728
RPE-11_1_C16,941
RPE-11_1_C17,428
RPE-11_1_C18,47
RPE-11_1_C20,676
RPE-11_1_C21,840
RPE-11_1_C23,358
RPE-11_1_D02,386
RPE-11_1_D03,386
RPE-11_1_D04,1054
RPE-11_1_D05,676
RPE-11_1_D06,284
RPE-11_1_D07,473
RPE-11_1_D08,78
RPE-11_1_D09,1089
RPE-11_1_D10,617
RPE-11_1_D11,503
RPE-11_1_D12,1031
RPE-11_1_D13,863
RPE-11_1_D14,301
RPE-11_1_D15,1079
RPE-11_1_D16,520
RPE-11_1_D17,182
RPE-11_1_D18,107
RPE-11_1_D19,557
RPE-11_1_D20,136
RPE-11_1_D21,363
RPE-11_1_D22,273
RPE-11_1_D23,416
RPE-11_1_E02,318
RPE-11_1_E03,746
RPE-11_1_E04,318
RPE-11_1_E05,274
RPE-11_1_E06,930
RPE-11_1_E09,1098
RPE-11_1_E10,926
RPE-11_1_E11,276
RPE-11_1_E12,1042
RPE-11_1_E13,863
RPE-11_1_E14,897
RPE-11_1_E15,618
RPE-11_1_E16,699
RPE-11_1_E17,1104
RPE-11_1_E18,1086
RPE-11_1_E19,917
RPE-11_1_E20,28
RPE-11_1_E21,531
RPE-11_1_E22,392
RPE-11_1_E23,771
RPE-11_1_F02,224
RPE-11_1_F04,45
RPE-11_1_F05,293
RPE-11_1_F06,1035
RPE-11_1_F08,153
RPE-11_1_F09,647
RPE-11_1_F10,86
RPE-11_1_F12,524
RPE-11_1_F13,1087
RPE-11_1_F14,510
RPE-11_1_F16,303
RPE-11_1_F17,302
RPE-11_1_F18,530
RPE-11_1_F20,921
RPE-11_1_F21,778
RPE-11_1_F23,972
RPE-11_1_G02,217
RPE-11_1_G03,741
RPE-11_1_G04,522
RPE-11_1_G06,460
RPE-11_1_G07,879
RPE-11_1_G08,864
RPE-11_1_G09,489
RPE-11_1_G10,386
RPE-11_1_G11,104
RPE-11_1_G12,1101
RPE-11_1_G13,404
RPE-11_1_G14,689
RPE-11_1_G15,1076
RPE-11_1_G16,916
RPE-11_1_G17,699
RPE-11_1_G18,1086
RPE-11_1_G19,481
RPE-11_1_G20,1044
RPE-11_1_G21,616
RPE-11_1_G22,266
RPE-11_1_G23,78
RPE-11_1_H02,315
RPE-11_1_H04,55
RPE-11_1_H05,227
RPE-11_1_H06,720
RPE-11_1_H08,413
RPE-11_1_H09,779
RPE-11_1_H10,545
RPE-11_1_H12,953
RPE-11_1_H13,70
RPE-11_1_H14,915
RPE-11_1_H16,308
RPE-11_1_H17,363
RPE-11_1_H18,907
RPE-11_1_H20,593
RPE-11_1_H21,411
RPE-11_1_H23,226
RPE-11_1_I02,645
RPE-11_1_I03,442
RPE-11_1_I04,656
RPE-11_1_I05,776
RPE-11_1_I06,559
RPE-11_1_I07,471
RPE-11_1_I08,725
RPE-11_1_I09,616
RPE-11_1_I10,724
RPE-11_1_I11,379
RPE-11_1_I12,106
RPE-11_1_I13,1068
RPE-11_1_I14,953
RPE-11_1_I15,500
RPE-11_1_I16,617
RPE-11_1_I17,145
RPE-11_1_I18,70
RPE-11_1_I19,1066
RPE-11_1_I20,617
RPE-11_1_I21,126
RPE-11_1_I22,107
RPE-11_1_I23,59
RPE-11_1_J02,255
RPE-11_1_J04,245
RPE-11_1_J05,157
RPE-11_1_J06,307
RPE-11_1_J08,86
RPE-11_1_J09,544
RPE-11_1_J10,1002
RPE-11_1_J12,161
RPE-11_1_J13,616
RPE-11_1_J14,633
RPE-11_1_J16,347
RPE-11_1_J17,1067
RPE-11_1_J18,779
RPE-11_1_J20,94
RPE-11_1_J21,1015
RPE-11_1_J23,247
RPE-11_1_K02,746
RPE-11_1_K03,367
RPE-11_1_K04,48
RPE-11_1_K05,398
RPE-11_1_K06,280
RPE-11_1_K07,21
RPE-11_1_K08,518
RPE-11_1_K09,444
RPE-11_1_K10,1089
RPE-11_1_K11,358
RPE-11_1_K12,1032
RPE-11_1_K13,253
RPE-11_1_K14,222
RPE-11_1_K15,375
RPE-11_1_K16,116
RPE-11_1_K17,1006
RPE-11_1_K18,567
RPE-11_1_K19,176
RPE-11_1_K20,356
RPE-11_1_K21,1015
RPE-11_1_K22,366
RPE-11_1_K23,1063
RPE-11_1_L02,511
RPE-11_1_L03,321
RPE-11_1_L04,382
RPE-11_1_L05,745
RPE-11_1_L06,619
RPE-11_1_L07,103
RPE-11_1_L08,1060
RPE-11_1_L09,1064
RPE-11_1_L10,72
RPE-11_1_L11,3
RPE-11_1_L12,864
RPE-11_1_L13,870
RPE-11_1_L14,538
RPE-11_1_L15,308
RPE-11_1_L16,157
RPE-11_1_L17,398
RPE-11_1_L18,924
RPE-11_1_L19,658
RPE-11_1_L20,978
RPE-11_1_L21,1084
RPE-11_1_L22,999
RPE-11_1_L23,374
RPE-11_1_M02,1000
RPE-11_1_M04,826
RPE-11_1_M05,733
RPE-11_1_M06,775
RPE-11_1_M08,947
RPE-11_1_M09,443
RPE-11_1_M10,655
RPE-11_1_M12,905
RPE-11_1_M13,646
RPE-11_1_M14,798
RPE-11_1_M16,71
RPE-11_1_M17,982
RPE-11_1_M18,985
RPE-11_1_M20,1012
RPE-11_1_M21,1086
RPE-11_1_M23,822
RPE-11_1_N02,939
RPE-11_1_N03,420
RPE-11_1_N04,114
RPE-11_1_N05,1006
RPE-11_1_N06,118
RPE-11_1_N07,583
RPE-11_1_N08,1062
RPE-11_1_N09,42
RPE-11_1_N10,338
RPE-11_1_N11,751
RPE-11_1_N12,212
RPE-11_1_N13,900
RPE-11_1_N14,573
RPE-11_1_N15,1000
RPE-11_1_N16,346
RPE-11_1_N17,744
RPE-11_1_N18,904
RPE-11_1_N19,137
RPE-11_1_N20,74
RPE-11_1_N21,660
RPE-11_1_N22,703
RPE-11_1_N23,670
RPE-11_1_O02,692
RPE-11_1_O03,347
RPE-11_1_O04,752
RPE-11_1_O05,319
RPE-11_1_O06,918
RPE-11_1_O07,475
RPE-11_1_O08,677
RPE-11_1_O09,162
RPE-11_1_O10,104
RPE-11_1_O11,561
RPE-11_1_O12,541
RPE-11_1_O13,487
RPE-11_1_O14,708
RPE-11_1_O15,52
RPE-11_1_O16,1066
RPE-11_1_O17,679
RPE-11_1_O18,765
RPE-11_1_O19,318
RPE-11_1_O20,528
RPE-11_1_O21,26
RPE-11_1_O22,459
RPE-11_1_O23,737
RPE-11_2_B03,1048
RPE-11_2_B04,506
RPE-11_2_B05,507
RPE-11_2_B06,379
RPE-11_2_B07,144
RPE-11_2_B08,319
RPE-11_2_B09,309
RPE-11_2_B10,95
RPE-11_2_B11,231
RPE-11_2_B12,1003
RPE-11_2_B13,849
RPE-11_2_B14,1061
RPE-11_2_B15,34
RPE-11_2_B16,565
RPE-11_2_B17,724
RPE-11_2_B18,64
RPE-11_2_B19,526
RPE-11_2_B20,367
RPE-11_2_B21,46
RPE-11_2_B22,178
RPE-11_2_B23,25
RPE-11_2_C02,952
RPE-11_2_C04,381
RPE-11_2_C05,178
RPE-11_2_C06,456
RPE-11_2_C08,229
RPE-11_2_C09,321
RPE-11_2_C10,869
RPE-11_2_C12,115
RPE-11_2_C13,531
RPE-11_2_C14,730
RPE-11_2_C16,633
RPE-11_2_C17,238
RPE-11_2_C18,300
RPE-11_2_C20,496
RPE-11_2_C21,174
RPE-11_2_C23,913
RPE-11_2_D02,609
RPE-11_2_D03,91
RPE-11_2_D04,105
RPE-11_2_D05,952
RPE-11_2_D06,827
RPE-11_2_D07,394
RPE-11_2_D08,379
RPE-11_2_D09,83
RPE-11_2_D10,93
RPE-11_2_D11,1092
RPE-11_2_D12,919
RPE-11_2_D13,351
RPE-11_2_D14,1030
RPE-11_2_D15,134
RPE-11_2_D16,730
RPE-11_2_D17,361
RPE-11_2_D18,27
RPE-11_2_D19,421
RPE-11_2_D20,654
RPE-11_2_D21,460
RPE-11_2_D22,1085
RPE-11_2_D23,737
RPE-11_2_E02,481
RPE-11_2_E03,580
RPE-11_2_E04,480
RPE-11_2_E05,384
RPE-11_2_E06,46
RPE-11_2_E09,810
RPE-11_2_E10,1076
RPE-11_2_E11,75
RPE-11_2_E12,744
RPE-11_2_E13,411
RPE-11_2_E14,877
RPE-11_2_E15,888
RPE-11_2_E16,137
RPE-11_2_E17,888
RPE-11_2_E18,662
RPE-11_2_E19,659
RPE-11_2_E20,855
RPE-11_2_E21,941
RPE-11_2_E22,498
RPE-11_2_E23,744
RPE-11_2_F02,231
RPE-11_2_F04,388
RPE-11_2_F05,92
RPE-11_2_F06,822
RPE-11_2_F08,1072
RPE-11_2_F09,9
RPE-11_2_F10,475
RPE-11_2_F12,798
RPE-11_2_F13,651
RPE-11_2_F14,646
RPE-11_2_F16,281
RPE-11_2_F17,75
RPE-11_2_F18,798
RPE-11_2_F20,47
RPE-11_2_F21,339
RPE-11_2_F23,1059
RPE-11_2_G02,746
RPE-11_2_G03,535
RPE-11_2_G04,480
RPE-11_2_G05,787
RPE-11_2_G06,333
RPE-11_2_G07,536
RPE-11_2_G08,605
RPE-11_2_G09,662
RPE-11_2_G10,318
RPE-11_2_G11,314
RPE-11_2_G12,107
RPE-11_2_G13,524
RPE-11_2_G14,610
RPE-11_2_G15,67
RPE-11_2_G16,472
RPE-11_2_G17,1083
RPE-11_2_G18,475
RPE-11_2_G19,1043
RPE-11_2_G20,111
RPE-11_2_G21,411
RPE-11_2_G23,1084
RPE-11_2_H02,975
RPE-11_2_H04,442
RPE-11_2_H05,358
RPE-11_2_H06,618
RPE-11_2_H08,788
RPE-11_2_H09,427
RPE-11_2_H10,822
RPE-11_2_H12,94
RPE-11_2_H13,173
RPE-11_2_H14,865
RPE-11_2_H16,66
RPE-11_2_H17,673
RPE-11_2_H18,957
RPE-11_2_H20,433
RPE-11_2_H21,404
RPE-11_2_H23,64
RPE-11_2_I02,382
RPE-11_2_I03,411
RPE-11_2_I04,900
RPE-11_2_I05,741
RPE-11_2_I06,938
RPE-11_2_I07,851
RPE-11_2_I08,64
RPE-11_2_I09,506
RPE-11_2_I10,308
RPE-11_2_I11,74
RPE-11_2_I12,803
RPE-11_2_I13,642
RPE-11_2_I14,500
RPE-11_2_I15,156
RPE-11_2_I16,357
RPE-11_2_I17,1044
RPE-11_2_I18,569
RPE-11_2_I19,241
RPE-11_2_I20,550
RPE-11_2_I21,233
RPE-11_2_I22,927
RPE-11_2_I23,593
RPE-11_2_J02,451
RPE-11_2_J04,932
RPE-11_2_J05,531
RPE-11_2_J06,889
RPE-11_2_J08,411
RPE-11_2_J09,82
RPE-11_2_J10,322
RPE-11_2_J12,173
RPE-11_2_J13,206
RPE-11_2_J14,875
RPE-11_2_J16,218
RPE-11_2_J17,850
RPE-11_2_J18,1101
RPE-11_2_J20,603
RPE-11_2_J21,242
RPE-11_2_J23,75
RPE-11_2_K02,875
RPE-11_2_K03,1066
RPE-11_2_K04,299
RPE-11_2_K05,194
RPE-11_2_K06,826
RPE-11_2_K07,629
RPE-11_2_K08,390
RPE-11_2_K09,536
RPE-11_2_K10,761
RPE-11_2_K11,629
RPE-11_2_K12,49
RPE-11_2_K13,473
RPE-11_2_K14,354
RPE-11_2_K15,744
RPE-11_2_K16,1066
RPE-11_2_K17,531
RPE-11_2_K18,744
RPE-11_2_K19,108
RPE-11_2_K20,830
RPE-11_2_K21,263
RPE-11_2_K22,351
RPE-11_2_K23,817
RPE-11_2_L02,57
RPE-11_2_L03,537
RPE-11_2_L04,450
RPE-11_2_L05,256
RPE-11_2_L06,76
RPE-11_2_L07,674
RPE-11_2_L08,893
RPE-11_2_L09,797
RPE-11_2_L10,806
RPE-11_2_L11,1086
RPE-11_2_L12,872
RPE-11_2_L13,8
RPE-11_2_L14,349
RPE-11_2_L15,1027
RPE-11_2_L16,694
RPE-11_2_L17,262
RPE-11_2_L18,397
RPE-11_2_L19,71
RPE-11_2_L20,494
RPE-11_2_L21,410
RPE-11_2_L22,632
RPE-11_2_L23,696
RPE-11_2_M02,420
RPE-11_2_M04,625
RPE-11_2_M05,510
RPE-11_2_M06,107
RPE-11_2_M08,566
RPE-11_2_M09,591
RPE-11_2_M10,500
RPE-11_2_M12,977
RPE-11_2_M13,744
RPE-11_2_M14,2
RPE-11_2_M16,318
RPE-11_2_M17,956
RPE-11_2_M18,475
RPE-11_2_M20,524
RPE-11_2_M21,746
RPE-11_2_M23,678
RPE-11_2_N02,1089
RPE-11_2_N03,300
RPE-11_2_N04,7
RPE-11_2_N05,543
RPE-11_2_N06,510
RPE-11_2_N07,211
RPE-11_2_N08,138
RPE-11_2_N09,813
RPE-11_2_N10,571
RPE-11_2_N11,834
RPE-11_2_N12,434
RPE-11_2_N13,483
RPE-11_2_N14,870
RPE-11_2_N15,42
RPE-11_2_N16,447
RPE-11_2_N17,197
RPE-11_2_N18,1059
RPE-11_2_N19,875
RPE-11_2_N20,463
RPE-11_2_N21,701
RPE-11_2_N22,723
RPE-11_2_N23,211
RPE-11_2_O02,64
RPE-11_2_O03,280
RPE-11_2_O04,1051
RPE-11_2_O05,698
RPE-11_2_O06,59
RPE-11_2_O07,54
RPE-11_2_O08,629
RPE-11_2_O09,1032
RPE-11_2_O10,232
RPE-11_2_O11,1078
RPE-11_2_O12,3
RPE-11_2_O13,593
RPE-11_2_O14,702
RPE-11_2_O15,1054
RPE-11_2_O16,1084
RPE-11_2_O17,52
RPE-11_2_O18,428
RPE-11_2_O19,547
RPE-11_2_O20,674
RPE-11_2_O21,1024
RPE-11_2_O22,623
RPE-11_2_O23,669
RPE-11_3_B03,718
RPE-11_3_B04,406
RPE-11_3_B05,953
RPE-11_3_B06,870
RPE-11_3_B07,397
RPE-11_3_B08,73
RPE-11_3_B09,697
RPE-11_3_B10,178
RPE-11_3_B11,347
RPE-11_3_B12,1038
RPE-11_3_B13,311
RPE-11_3_B14,77
RPE-11_3_B15,76
RPE-11_3_B16,920
RPE-11_3_B17,185
RPE-11_3_B18,617
RPE-11_3_B19,63
RPE-11_3_B20,917
RPE-11_3_B21,76
RPE-11_3_B22,247
RPE-11_3_B23,334
RPE-11_3_C02,98
RPE-11_3_C04,134
RPE-11_3_C05,583
RPE-11_3_C06,1087
RPE-11_3_C08,377
RPE-11_3_C09,247
RPE-11_3_C10,448
RPE-11_3_C12,300
RPE-11_3_C13,834
RPE-11_3_C14,1087
RPE-11_3_C16,479
RPE-11_3_C17,184
RPE-11_3_C18,748
RPE-11_3_C20,333
RPE-11_3_C21,105
RPE-11_3_C23,396
RPE-11_3_D02,119
RPE-11_3_D03,484
RPE-11_3_D04,570
RPE-11_3_D05,197
RPE-11_3_D06,291
RPE-11_3_D07,1030
RPE-11_3_D08,47
RPE-11_3_D09,191
RPE-11_3_D10,603
RPE-11_3_D11,639
RPE-11_3_D12,679
RPE-11_3_D13,465
RPE-11_3_D14,96
RPE-11_3_D15,369
RPE-11_3_D16,817
RPE-11_3_D17,448
RPE-11_3_D18,437
RPE-11_3_D19,603
RPE-11_3_D20,525
RPE-11_3_D21,807
RPE-11_3_D22,80
RPE-11_3_D23,533
RPE-11_3_E02,999
RPE-11_3_E03,691
RPE-11_3_E04,396
RPE-11_3_E05,614
RPE-11_3_E06,491
RPE-11_3_E09,379
RPE-11_3_E10,798
RPE-11_3_E11,36
RPE-11_3_E12,468
RPE-11_3_E13,766
RPE-11_3_E14,982
RPE-11_3_E15,684
RPE-11_3_E16,586
RPE-11_3_E17,834
RPE-11_3_E18,715
RPE-11_3_E19,411
RPE-11_3_E20,483
RPE-11_3_E21,1074
RPE-11_3_E22,556
RPE-11_3_E23,839
RPE-11_3_F02,474
RPE-11_3_F04,655
RPE-11_3_F05,749
RPE-11_3_F06,59
RPE-11_3_F08,802
RPE-11_3_F09,555
RPE-11_3_F10,95
RPE-11_3_F12,293
RPE-11_3_F13,603
RPE-11_3_F14,1025
RPE-11_3_F16,298
RPE-11_3_F17,674
RPE-11_3_F18,690
RPE-11_3_F20,863
RPE-11_3_F21,446
RPE-11_3_F23,30
RPE-11_3_G02,807
RPE-11_3_G03,924
RPE-11_3_G04,593
RPE-11_3_G05,3
RPE-11_3_G06,787
RPE-11_3_G07,271
RPE-11_3_G08,443
RPE-11_3_G09,947
RPE-11_3_G10,167
RPE-11_3_G11,673
RPE-11_3_G12,321
RPE-11_3_G13,652
RPE-11_3_G14,559
RPE-11_3_G15,654
RPE-11_3_G16,400
RPE-11_3_G17,920
RPE-11_3_G18,863
RPE-11_3_G19,858
RPE-11_3_G20,834
RPE-11_3_G21,220
RPE-11_3_G22,262
RPE-11_3_G23,520
RPE-11_3_H02,375
RPE-11_3_H04,443
RPE-11_3_H05,1071
RPE-11_3_H06,632
RPE-11_3_H08,982
RPE-11_3_H09,798
RPE-11_3_H10,830
RPE-11_3_H12,671
RPE-11_3_H13,629
RPE-11_3_H14,191
RPE-11_3_H16,674
RPE-11_3_H17,737
RPE-11_3_H18,400
RPE-11_3_H20,197
RPE-11_3_H21,516
RPE-11_3_H23,547
RPE-11_3_I02,695
RPE-11_3_I03,283
RPE-11_3_I04,588
RPE-11_3_I05,875
RPE-11_3_I06,828
RPE-11_3_I07,32
RPE-11_3_I08,120
RPE-11_3_I09,382
RPE-11_3_I10,310
RPE-11_3_I11,291
RPE-11_3_I12,861
RPE-11_3_I13,856
RPE-11_3_I14,741
RPE-11_3_I15,214
RPE-11_3_I16,544
RPE-11_3_I17,797
RPE-11_3_I18,95
RPE-11_3_I19,972
RPE-11_3_I20,982
RPE-11_3_I21,608
RPE-11_3_I22,359
RPE-11_3_I23,654
RPE-11_3_J02,947
RPE-11_3_J04,1012
RPE-11_3_J05,816
RPE-11_3_J06,672
RPE-11_3_J08,63
RPE-11_3_J09,627
RPE-11_3_J10,814
RPE-11_3_J12,1079
RPE-11_3_J13,1086
RPE-11_3_J14,866
RPE-11_3_J16,337
RPE-11_3_J17,662
RPE-11_3_J18,464
RPE-11_3_J20,674
RPE-11_3_J21,928
RPE-11_3_J23,283
RPE-11_3_K02,475
RPE-11_3_K03,583
RPE-11_3_K04,591
RPE-11_3_K05,798
RPE-11_3_K06,1066
RPE-11_3_K07,123
RPE-11_3_K08,367
RPE-11_3_K09,815
RPE-11_3_K10,545
RPE-11_3_K11,1086
RPE-11_3_K12,168
RPE-11_3_K13,488
RPE-11_3_K14,373
RPE-11_3_K15,699
RPE-11_3_K16,253
RPE-11_3_K17,1089
RPE-11_3_K18,1
RPE-11_3_K19,570
RPE-11_3_K20,47
RPE-11_3_K21,869
RPE-11_3_K22,603
RPE-11_3_K23,759
RPE-11_3_L02,727
RPE-11_3_L03,619
RPE-11_3_L04,259
RPE-11_3_L05,906
RPE-11_3_L06,563
RPE-11_3_L07,242
RPE-11_3_L08,367
RPE-11_3_L09,90
RPE-11_3_L10,380
RPE-11_3_L11,382
RPE-11_3_L12,632
RPE-11_3_L13,417
RPE-11_3_L14,629
RPE-11_3_L15,408
RPE-11_3_L16,328
RPE-11_3_L17,792
RPE-11_3_L18,829
RPE-11_3_L19,82
RPE-11_3_L20,291
RPE-11_3_L21,105
RPE-11_3_L22,251
RPE-11_3_L23,80
RPE-11_3_M02,1063
RPE-11_3_M04,822
RPE-11_3_M05,86
RPE-11_3_M06,922
RPE-11_3_M08,679
RPE-11_3_M09,183
RPE-11_3_M10,1080
RPE-11_3_M12,598
RPE-11_3_M13,400
RPE-11_3_M14,252
RPE-11_3_M16,763
RPE-11_3_M17,387
RPE-11_3_M18,555
RPE-11_3_M20,122
RPE-11_3_M21,888
RPE-11_3_M23,211
RPE-11_3_N02,782
RPE-11_3_N03,966
RPE-11_3_N04,687
RPE-11_3_N05,629
RPE-11_3_N06,109
RPE-11_3_N07,160
RPE-11_3_N08,51
RPE-11_3_N09,32
RPE-11_3_N10,278
RPE-11_3_N11,510
RPE-11_3_N12,494
RPE-11_3_N13,1086
RPE-11_3_N14,1099
RPE-11_3_N15,21
RPE-11_3_N16,469
RPE-11_3_N17,1040
RPE-11_3_N18,86
RPE-11_3_N19,707
RPE-11_3_N20,183
RPE-11_3_N21,951
RPE-11_3_N22,245
RPE-11_3_N23,603
RPE-11_3_O02,1032
RPE-11_3_O03,167
RPE-11_3_O04,796
RPE-11_3_O05,472
RPE-11_3_O06,708
RPE-11_3_O07,18
RPE-11_3_O08,716
RPE-11_3_O09,382
RPE-11_3_O10,480
RPE-11_3_O11,86
RPE-11_3_O12,328
RPE-11_3_O13,1059
RPE-11_3_O14,618
RPE-11_3_O15,940
RPE-11_3_O16,985
RPE-11_3_O17,391
RPE-11_3_O18,632
RPE-11_3_O19,625
RPE-11_3_O20,1043
RPE-11_3_O21,345
RPE-11_3_O22,578
RPE-11_3_O23,1052
RPE-11_4_B03,723
RPE-11_4_B04,540
RPE-11_4_B05,551
RPE-11_4_B06,525
RPE-11_4_B07,372
RPE-11_4_B08,825
RPE-11_4_B09,282
RPE-11_4_B10,59
RPE-11_4_B11,412
RPE-11_4_B12,980
RPE-11_4_B13,611
RPE-11_4_B14,839
RPE-11_4_B15,666
RPE-11_4_B16,924
RPE-11_4_B17,973
RPE-11_4_B18,1094
RPE-11_4_B19,701
RPE-11_4_B20,86
RPE-11_4_B21,775
RPE-11_4_B22,632
RPE-11_4_B23,1092
RPE-11_4_C02,59
RPE-11_4_C04,397
RPE-11_4_C05,561
RPE-11_4_C06,316
RPE-11_4_C08,306
RPE-11_4_C09,600
RPE-11_4_C10,930
RPE-11_4_C12,235
RPE-11_4_C13,69
RPE-11_4_C14,510
RPE-11_4_C16,797
RPE-11_4_C17,334
RPE-11_4_C18,899
RPE-11_4_C20,792
RPE-11_4_C21,1101
RPE-11_4_C23,3
RPE-11_4_D02,67
RPE-11_4_D03,633
RPE-11_4_D04,382
RPE-11_4_D05,707
RPE-11_4_D06,907
RPE-11_4_D07,470
RPE-11_4_D08,793
RPE-11_4_D09,564
RPE-11_4_D10,367
RPE-11_4_D11,47
RPE-11_4_D12,172
RPE-11_4_D13,744
RPE-11_4_D14,251
RPE-11_4_D15,625
RPE-11_4_D16,1086
RPE-11_4_D17,59
RPE-11_4_D18,489
RPE-11_4_D19,943
RPE-11_4_D20,453
RPE-11_4_D21,204
RPE-11_4_D22,538
RPE-11_4_D23,1084
RPE-11_4_E02,1039
RPE-11_4_E03,197
RPE-11_4_E05,523
RPE-11_4_E06,419
RPE-11_4_E09,50
RPE-11_4_E10,1050
RPE-11_4_E11,17
RPE-11_4_E12,481
RPE-11_4_E13,622
RPE-11_4_E14,953
RPE-11_4_E15,413
RPE-11_4_E16,716
RPE-11_4_E17,1006
RPE-11_4_E18,59
RPE-11_4_E19,161
RPE-11_4_E20,673
RPE-11_4_E21,373
RPE-11_4_E22,510
RPE-11_4_E23,679
RPE-11_4_F02,619
RPE-11_4_F04,339
RPE-11_4_F05,1082
RPE-11_4_F06,348
RPE-11_4_F08,1021
RPE-11_4_F09,333
RPE-11_4_F10,537
RPE-11_4_F12,555
RPE-11_4_F13,742
RPE-11_4_F14,418
RPE-11_4_F16,398
RPE-11_4_F17,610
RPE-11_4_F18,305
RPE-11_4_F20,588
RPE-11_4_F21,674
RPE-11_4_F23,469
RPE-11_4_G02,28
RPE-11_4_G03,36
RPE-11_4_G04,15
RPE-11_4_G06,674
RPE-11_4_G07,709
RPE-11_4_G08,478
RPE-11_4_G09,977
RPE-11_4_G10,973
RPE-11_4_G11,28
RPE-11_4_G12,761
RPE-11_4_G13,8
RPE-11_4_G14,864
RPE-11_4_G15,776
RPE-11_4_G16,321
RPE-11_4_G17,1015
RPE-11_4_G18,588
RPE-11_4_G19,66
RPE-11_4_G20,757
RPE-11_4_G21,974
RPE-11_4_G22,980
RPE-11_4_G23,1092
RPE-11_4_H02,670
RPE-11_4_H04,588
RPE-11_4_H05,622
RPE-11_4_H06,223
RPE-11_4_H08,121
RPE-11_4_H09,892
RPE-11_4_H10,879
RPE-11_4_H12,96
RPE-11_4_H13,524
RPE-11_4_H14,245
RPE-11_4_H16,545
RPE-11_4_H17,138
RPE-11_4_H18,855
RPE-11_4_H20,897
RPE-11_4_H21,842
RPE-11_4_H23,147
RPE-11_4_I02,1081
RPE-11_4_I03,526
RPE-11_4_I04,898
RPE-11_4_I05,1086
RPE-11_4_I06,1012
RPE-11_4_I07,776
RPE-11_4_I08,643
RPE-11_4_I09,158
RPE-11_4_I10,1084
RPE-11_4_I11,780
RPE-11_4_I12,419
RPE-11_4_I13,948
RPE-11_4_I14,1066
RPE-11_4_I15,373
RPE-11_4_I16,973
RPE-11_4_I17,741
RPE-11_4_I19,382
RPE-11_4_I20,524
RPE-11_4_I21,824
RPE-11_4_I22,1037
RPE-11_4_I23,632
RPE-11_4_J02,273
RPE-11_4_J04,810
RPE-11_4_J05,276
RPE-11_4_J06,96
RPE-11_4_J08,611
RPE-11_4_J09,619
RPE-11_4_J10,291
RPE-11_4_J12,587
RPE-11_4_J13,843
RPE-11_4_J14,964
RPE-11_4_J16,88
RPE-11_4_J17,1037
RPE-11_4_J18,1086
RPE-11_4_J20,720
RPE-11_4_J21,954
RPE-11_4_J23,900
RPE-11_4_K02,993
RPE-11_4_K03,841
RPE-11_4_K04,252
RPE-11_4_K05,411
RPE-11_4_K06,835
RPE-11_4_K07,215
RPE-11_4_K08,676
RPE-11_4_K09,1017
RPE-11_4_K10,800
RPE-11_4_K11,435
RPE-11_4_K12,83
RPE-11_4_K13,488
RPE-11_4_K14,203
RPE-11_4_K15,459
RPE-11_4_K16,611
RPE-11_4_K17,618
RPE-11_4_K18,760
RPE-11_4_K19,977
RPE-11_4_K20,148
RPE-11_4_K21,59
RPE-11_4_K22,334
RPE-11_4_K23,522
RPE-11_4_L02,660
RPE-11_4_L03,634
RPE-11_4_L04,698
RPE-11_4_L05,1032
RPE-11_4_L06,480
RPE-11_4_L07,514
RPE-11_4_L08,822
RPE-11_4_L09,45
RPE-11_4_L10,831
RPE-11_4_L11,398
RPE-11_4_L12,635
RPE-11_4_L13,140
RPE-11_4_L14,1086
RPE-11_4_L15,386
RPE-11_4_L16,673
RPE-11_4_L17,699
RPE-11_4_L18,241
RPE-11_4_L19,998
RPE-11_4_L20,275
RPE-11_4_L21,872
RPE-11_4_L22,673
RPE-11_4_L23,190
RPE-11_4_M02,97
RPE-11_4_M04,660
RPE-11_4_M05,1086
RPE-11_4_M06,547
RPE-11_4_M08,52
RPE-11_4_M09,545
RPE-11_4_M10,681
RPE-11_4_M12,60
RPE-11_4_M13,923
RPE-11_4_M14,388
RPE-11_4_M16,1056
RPE-11_4_M17,292
RPE-11_4_M18,838
RPE-11_4_M20,510
RPE-11_4_M21,388
RPE-11_4_M23,13
RPE-11_4_N02,632
RPE-11_4_N03,676
RPE-11_4_N04,1086
RPE-11_4_N05,336
RPE-11_4_N06,110
RPE-11_4_N07,1011
RPE-11_4_N08,456
RPE-11_4_N09,139
RPE-11_4_N10,801
RPE-11_4_N11,538
RPE-11_4_N12,86
RPE-11_4_N13,794
RPE-11_4_N14,71
RPE-11_4_N15,982
RPE-11_4_N16,439
RPE-11_4_N17,547
RPE-11_4_N18,385
RPE-11_4_N19,669
RPE-11_4_N20,47
RPE-11_4_N21,489
RPE-11_4_N22,832
RPE-11_4_N23,757
RPE-11_4_O02,1086
RPE-11_4_O03,1086
RPE-11_4_O04,59
RPE-11_4_O05,215
RPE-11_4_O06,964
RPE-11_4_O07,47
RPE-11_4_O08,715
RPE-11_4_O09,1101
RPE-11_4_O10,973
RPE-11_4_O11,693
RPE-11_4_O12,59
RPE-11_4_O13,525
RPE-11_4_O14,832
RPE-11_4_O15,744
RPE-11_4_O16,728
RPE-11_4_O17,772
RPE-11_4_O18,673
RPE-11_4_O19,627
RPE-11_4_O20,930
RPE-11_4_O21,593
RPE-11_4_O23,749
